date,business_type,process,customers_or_cases,waiting_minutes,staff_hours,sales_aed,operating_cost_aed,delayed_cases,customer_complaints,repeat_customers,missed_follow_ups,status
2025-01-01 00:00:00.000000000,Service Business,Order processing,7,24.2,0.91,840.14,114.28,0,0,5,1,Completed
2025-01-01 02:54:46.695565188,Logistics,Complaint handling,5,30.0,2.62,429.75,155.94,0,1,2,2,Completed
2025-01-01 05:49:33.391130376,Clinic,Stock handling,7,23.3,1.41,580.2,63.45,0,1,3,0,Completed
2025-01-01 08:44:20.086695565,Logistics,Delivery,7,32.2,2.5,627.79,133.14,1,0,5,1,Delayed
2025-01-01 11:39:06.782260753,Logistics,Appointment,4,21.7,1.9,201.19,120.8,0,0,3,0,Completed
2025-01-01 14:33:53.477825941,Restaurant,Supplier coordination,8,50.5,2.26,143.06,159.44,0,2,4,3,Completed
2025-01-01 17:28:40.173391130,Clinic,Booking,4,15.9,2.1,311.91,132.81,0,0,1,0,Completed
2025-01-01 20:23:26.868956318,Clinic,Order processing,3,26.0,3.81,288.33,179.03,1,0,3,1,Delayed
2025-01-01 23:18:13.564521507,Clinic,Order processing,9,42.9,0.92,624.06,56.15,0,3,4,3,Completed
2025-01-02 02:13:00.260086695,Logistics,Stock handling,12,22.0,1.24,1407.26,93.27,0,0,7,1,Completed
2025-01-02 05:07:46.955651883,Service Business,Complaint handling,4,43.5,1.9,301.14,143.07,0,2,4,0,Completed
2025-01-02 08:02:33.651217072,Clinic,Follow-up,4,27.7,2.73,247.24,160.51,1,3,2,1,Delayed
2025-01-02 10:57:20.346782260,Logistics,Supplier coordination,10,38.4,2.26,871.62,105.45,0,0,5,7,Completed
2025-01-02 13:52:07.042347449,Restaurant,Stock handling,3,28.6,1.87,325.15,96.78,0,0,2,2,Completed
2025-01-02 16:46:53.737912637,Service Business,Appointment,8,18.9,1.22,616.41,60.0,0,0,7,3,Completed
2025-01-02 19:41:40.433477825,Restaurant,Payment,8,11.2,1.87,756.65,170.88,0,0,8,0,Completed
2025-01-02 22:36:27.129043014,Service Business,Customer enquiry,10,24.5,0.47,687.01,58.86,0,1,8,0,Completed
2025-01-03 01:31:13.824608202,Logistics,Follow-up,9,35.8,0.98,622.78,79.56,1,4,6,1,Delayed
2025-01-03 04:26:00.520173391,Retail,Complaint handling,10,34.8,2.96,1026.09,141.7,0,2,7,4,Completed
2025-01-03 07:20:47.215738579,Service Business,Booking,5,30.9,2.89,195.14,140.02,0,0,3,4,Completed
2025-01-03 10:15:33.911303767,Restaurant,Follow-up,10,26.7,2.59,549.21,151.59,0,1,8,2,Completed
2025-01-03 13:10:20.606868956,Logistics,Delivery,4,59.4,3.29,363.09,185.07,1,2,3,2,Delayed
2025-01-03 16:05:07.302434144,Service Business,Complaint handling,7,45.2,2.04,493.09,103.1,0,1,5,2,Completed
2025-01-03 18:59:53.997999333,Retail,Payment,4,23.7,2.73,338.27,182.15,0,0,2,1,Completed
2025-01-03 21:54:40.693564521,Retail,Delivery,4,43.1,3.95,358.9,277.01,0,0,2,2,Completed
2025-01-04 00:49:27.389129709,Clinic,Follow-up,6,31.9,1.18,294.01,71.56,0,2,4,2,Completed
2025-01-04 03:44:14.084694898,Clinic,Customer enquiry,7,20.0,0.63,341.74,98.73,0,0,5,1,Completed
2025-01-04 06:39:00.780260086,Restaurant,Customer enquiry,7,27.7,0.67,723.55,44.53,0,2,3,1,Completed
2025-01-04 09:33:47.475825275,Service Business,Payment,5,21.5,2.69,347.53,111.71,0,1,3,1,Completed
2025-01-04 12:28:34.171390463,Service Business,Order processing,6,27.1,6.32,378.79,400.53,0,0,4,1,Completed
2025-01-04 15:23:20.866955651,Clinic,Supplier coordination,4,39.7,2.93,344.58,151.07,0,0,2,2,Completed
2025-01-04 18:18:07.562520840,Service Business,Booking,5,10.5,0.77,497.73,49.11,0,0,4,0,Completed
2025-01-04 21:12:54.258086028,Service Business,Order processing,6,29.1,0.97,570.78,136.68,1,1,2,1,Delayed
2025-01-05 00:07:40.953651217,Retail,Customer enquiry,7,19.2,2.28,617.12,132.89,0,0,4,0,Completed
2025-01-05 03:02:27.649216405,Clinic,Customer enquiry,4,23.7,0.74,413.87,26.74,0,0,4,1,Completed
2025-01-05 05:57:14.344781593,Logistics,Appointment,6,28.1,1.66,535.27,116.65,0,3,3,1,Completed
2025-01-05 08:52:01.040346782,Clinic,Delivery,9,32.4,1.18,592.28,113.54,0,3,7,3,Completed
2025-01-05 11:46:47.735911970,Logistics,Follow-up,4,26.3,1.8,335.07,116.01,0,0,3,0,Completed
2025-01-05 14:41:34.431477159,Retail,Booking,12,13.9,1.25,1142.8,61.34,1,2,9,1,Delayed
2025-01-05 17:36:21.127042347,Restaurant,Payment,7,8.9,1.84,421.37,178.12,0,0,6,2,Completed
2025-01-05 20:31:07.822607535,Service Business,Follow-up,6,31.3,2.24,393.08,134.11,0,1,4,2,Completed
2025-01-05 23:25:54.518172724,Retail,Appointment,8,26.0,1.95,658.7,150.69,0,0,4,0,Completed
2025-01-06 02:20:41.213737912,Service Business,Customer enquiry,4,19.8,1.06,372.48,48.87,0,0,4,2,Completed
2025-01-06 05:15:27.909303101,Restaurant,Payment,9,8.7,1.22,697.4,123.72,0,0,4,3,Completed
2025-01-06 08:10:14.604868289,Restaurant,Customer enquiry,7,22.0,2.76,585.72,144.37,0,0,6,2,Completed
2025-01-06 11:05:01.300433477,Retail,Booking,6,13.7,0.08,139.72,57.12,0,0,4,1,Completed
2025-01-06 13:59:47.995998666,Restaurant,Delivery,8,36.3,2.14,905.48,122.77,0,2,2,1,Completed
2025-01-06 16:54:34.691563854,Logistics,Follow-up,8,35.8,1.07,760.51,69.26,0,1,7,3,Completed
2025-01-06 19:49:21.387129043,Restaurant,Follow-up,8,41.3,3.49,752.09,231.17,0,1,6,1,Completed
2025-01-06 22:44:08.082694231,Service Business,Order processing,5,28.5,2.53,460.65,161.94,0,0,4,2,Completed
2025-01-07 01:38:54.778259419,Service Business,Payment,10,11.7,0.42,940.76,40.62,0,0,6,1,Completed
2025-01-07 04:33:41.473824608,Service Business,Supplier coordination,6,40.6,0.91,651.62,81.73,0,3,2,1,Completed
2025-01-07 07:28:28.169389796,Service Business,Appointment,7,26.8,2.39,718.32,109.68,1,0,4,0,Delayed
2025-01-07 10:23:14.864954985,Logistics,Supplier coordination,6,36.3,2.68,524.51,153.5,0,0,3,1,Completed
2025-01-07 13:18:01.560520173,Clinic,Order processing,5,50.3,0.39,478.62,29.11,1,1,4,0,Delayed
2025-01-07 16:12:48.256085361,Retail,Booking,8,16.0,0.07,672.88,24.83,0,0,6,3,Completed
2025-01-07 19:07:34.951650550,Service Business,Appointment,10,21.6,0.92,612.61,118.25,0,1,7,1,Completed
2025-01-07 22:02:21.647215738,Restaurant,Delivery,7,38.5,1.05,467.74,94.8,0,2,4,2,Completed
2025-01-08 00:57:08.342780927,Service Business,Supplier coordination,3,38.1,0.62,206.26,60.24,0,1,2,1,Completed
2025-01-08 03:51:55.038346115,Restaurant,Delivery,6,46.2,1.41,445.55,159.24,0,1,3,2,Completed
2025-01-08 06:46:41.733911303,Restaurant,Supplier coordination,9,44.1,1.42,654.98,72.69,0,2,7,3,Completed
2025-01-08 09:41:28.429476492,Service Business,Delivery,10,33.0,2.19,525.93,121.37,0,1,7,1,Completed
2025-01-08 12:36:15.125041680,Logistics,Supplier coordination,5,44.5,0.82,413.17,49.41,0,1,5,1,Completed
2025-01-08 15:31:01.820606869,Restaurant,Delivery,11,44.2,0.2,1036.57,26.22,0,1,6,3,Completed
2025-01-08 18:25:48.516172057,Restaurant,Order processing,10,28.7,1.24,677.58,125.02,0,2,5,1,Completed
2025-01-08 21:20:35.211737245,Service Business,Complaint handling,9,37.3,0.34,637.75,80.11,0,1,5,2,Completed
2025-01-09 00:15:21.907302434,Restaurant,Appointment,10,31.0,2.2,945.96,156.57,0,2,3,3,Completed
2025-01-09 03:10:08.602867622,Restaurant,Payment,7,11.9,2.76,575.17,173.62,0,0,3,0,Completed
2025-01-09 06:04:55.298432811,Service Business,Booking,9,15.5,1.28,876.52,78.8,0,0,7,0,Completed
2025-01-09 08:59:41.993997999,Service Business,Stock handling,4,22.6,0.75,376.69,84.51,0,0,4,0,Completed
2025-01-09 11:54:28.689563187,Retail,Customer enquiry,6,40.3,0.72,363.58,64.36,0,1,6,0,Completed
2025-01-09 14:49:15.385128376,Logistics,Payment,11,9.3,2.47,912.79,140.38,0,0,7,3,Completed
2025-01-09 17:44:02.080693564,Logistics,Customer enquiry,6,22.7,2.03,547.22,126.3,0,0,3,2,Completed
2025-01-09 20:38:48.776258753,Restaurant,Appointment,10,19.5,2.41,626.79,113.89,0,1,8,1,Completed
2025-01-09 23:33:35.471823941,Logistics,Payment,5,13.6,1.59,261.64,112.04,0,0,3,1,Completed
2025-01-10 02:28:22.167389129,Restaurant,Delivery,6,32.4,0.93,465.58,55.12,0,1,3,2,Completed
2025-01-10 05:23:08.862954318,Retail,Delivery,7,43.1,0.57,222.83,51.01,0,1,5,2,Completed
2025-01-10 08:17:55.558519506,Service Business,Stock handling,12,46.5,3.15,59.46,172.97,1,7,5,6,Delayed
2025-01-10 11:12:42.254084694,Service Business,Customer enquiry,8,22.8,1.14,729.74,99.68,0,2,3,3,Completed
2025-01-10 14:07:28.949649883,Service Business,Booking,9,9.2,4.15,551.55,201.12,0,0,9,1,Completed
2025-01-10 17:02:15.645215071,Logistics,Appointment,7,24.1,2.09,499.52,82.91,0,0,4,3,Completed
2025-01-10 19:57:02.340780260,Retail,Delivery,5,33.8,6.31,416.53,388.05,0,0,3,0,Completed
2025-01-10 22:51:49.036345448,Logistics,Complaint handling,5,30.2,0.93,385.54,55.59,0,0,2,2,Completed
2025-01-11 01:46:35.731910636,Logistics,Order processing,8,28.6,4.55,489.01,251.24,0,2,6,3,Completed
2025-01-11 04:41:22.427475825,Retail,Order processing,9,27.2,4.64,1090.03,204.13,0,0,5,3,Completed
2025-01-11 07:36:09.123041013,Retail,Supplier coordination,6,46.6,1.68,457.64,97.35,1,3,5,0,Delayed
2025-01-11 10:30:55.818606202,Retail,Booking,9,18.2,0.75,1247.83,87.04,0,0,6,2,Completed
2025-01-11 13:25:42.514171390,Retail,Order processing,6,24.8,0.93,343.95,65.63,0,0,5,1,Completed
2025-01-11 16:20:29.209736578,Service Business,Supplier coordination,5,46.2,0.58,348.56,87.04,1,1,4,2,Delayed
2025-01-11 19:15:15.905301767,Clinic,Customer enquiry,7,13.4,1.06,549.79,91.35,1,1,5,0,Delayed
2025-01-11 22:10:02.600866955,Clinic,Delivery,7,45.5,1.05,557.47,116.16,0,3,3,1,Completed
2025-01-12 01:04:49.296432144,Retail,Delivery,3,33.8,2.74,299.34,194.42,1,0,2,1,Delayed
2025-01-12 03:59:35.991997332,Clinic,Complaint handling,7,36.9,1.07,187.29,46.45,0,0,2,2,Completed
2025-01-12 06:54:22.687562520,Clinic,Payment,9,23.6,1.35,1004.37,128.48,0,2,7,2,Completed
2025-01-12 09:49:09.383127709,Retail,Order processing,6,20.5,2.68,220.53,136.19,0,0,4,0,Completed
2025-01-12 12:43:56.078692897,Clinic,Customer enquiry,6,23.9,1.72,365.4,77.62,0,0,6,1,Completed
2025-01-12 15:38:42.774258086,Logistics,Follow-up,8,32.9,4.63,633.12,230.07,0,2,5,4,Completed
2025-01-12 18:33:29.469823274,Restaurant,Order processing,11,25.5,0.51,957.27,98.59,0,2,8,1,Completed
2025-01-12 21:28:16.165388462,Restaurant,Booking,3,10.0,2.52,220.84,153.38,0,0,3,0,Completed
2025-01-13 00:23:02.860953651,Retail,Payment,6,16.0,1.94,404.83,121.55,0,0,4,0,Completed
2025-01-13 03:17:49.556518839,Service Business,Order processing,5,25.7,0.21,390.8,33.38,0,0,4,0,Completed
2025-01-13 06:12:36.252084028,Retail,Customer enquiry,4,24.5,0.44,277.0,74.05,0,0,3,0,Completed
2025-01-13 09:07:22.947649216,Service Business,Order processing,10,20.5,2.2,1018.39,169.4,0,0,5,1,Completed
2025-01-13 12:02:09.643214404,Restaurant,Booking,9,25.0,2.98,838.95,160.22,0,0,7,2,Completed
2025-01-13 14:56:56.338779593,Retail,Follow-up,7,29.4,0.23,614.8,18.91,0,2,1,2,Completed
2025-01-13 17:51:43.034344781,Logistics,Appointment,8,21.3,3.63,804.01,229.63,0,0,6,2,Completed
2025-01-13 20:46:29.729909970,Clinic,Stock handling,10,36.5,0.91,856.59,86.23,0,3,4,1,Completed
2025-01-13 23:41:16.425475158,Service Business,Follow-up,6,35.6,3.99,436.51,160.87,0,0,4,2,Completed
2025-01-14 02:36:03.121040346,Clinic,Supplier coordination,11,48.4,2.7,468.7,171.5,0,6,7,3,Completed
2025-01-14 05:30:49.816605535,Clinic,Order processing,8,21.2,2.1,951.95,109.73,0,1,5,2,Completed
2025-01-14 08:25:36.512170723,Retail,Delivery,7,42.2,1.53,718.94,60.58,0,1,4,2,Completed
2025-01-14 11:20:23.207735912,Clinic,Complaint handling,8,29.4,1.84,411.16,107.58,0,0,6,4,Completed
2025-01-14 14:15:09.903301100,Logistics,Delivery,3,35.8,1.87,282.33,118.09,0,0,2,1,Completed
2025-01-14 17:09:56.598866288,Clinic,Follow-up,5,26.1,2.39,440.7,169.58,0,0,5,1,Completed
2025-01-14 20:04:43.294431477,Retail,Delivery,5,43.4,1.56,286.24,104.67,1,0,3,2,Delayed
2025-01-14 22:59:29.989996665,Logistics,Customer enquiry,6,26.7,2.73,650.86,108.39,0,0,5,0,Completed
2025-01-15 01:54:16.685561854,Restaurant,Delivery,3,38.8,2.02,244.91,103.08,0,0,0,1,Completed
2025-01-15 04:49:03.381127042,Clinic,Payment,4,12.5,1.17,210.98,97.66,0,0,2,2,Completed
2025-01-15 07:43:50.076692230,Retail,Appointment,3,27.2,1.99,153.63,102.97,0,0,3,1,Completed
2025-01-15 10:38:36.772257419,Restaurant,Order processing,7,25.5,1.25,610.06,114.67,0,0,6,4,Completed
2025-01-15 13:33:23.467822607,Restaurant,Delivery,10,39.4,2.91,569.93,139.9,1,2,6,2,Delayed
2025-01-15 16:28:10.163387796,Service Business,Booking,10,13.0,3.21,618.3,176.28,0,0,8,2,Completed
2025-01-15 19:22:56.858952984,Logistics,Appointment,3,22.6,5.13,262.03,210.06,0,0,3,1,Completed
2025-01-15 22:17:43.554518172,Clinic,Appointment,5,17.7,1.64,317.33,106.56,0,0,4,0,Completed
2025-01-16 01:12:30.250083361,Retail,Delivery,9,36.3,0.61,608.97,56.04,0,2,7,2,Completed
2025-01-16 04:07:16.945648549,Service Business,Appointment,8,32.8,2.62,484.98,134.22,0,1,5,4,Completed
2025-01-16 07:02:03.641213738,Logistics,Complaint handling,7,34.0,1.42,649.57,85.07,1,1,5,3,Delayed
2025-01-16 09:56:50.336778926,Service Business,Delivery,7,43.1,1.34,736.73,60.6,1,0,3,4,Delayed
2025-01-16 12:51:37.032344114,Logistics,Customer enquiry,10,16.3,0.93,404.59,93.37,0,0,9,2,Completed
2025-01-16 15:46:23.727909303,Logistics,Follow-up,8,39.3,0.95,450.79,96.81,0,2,5,3,Completed
2025-01-16 18:41:10.423474491,Clinic,Payment,12,12.8,2.41,342.91,121.45,0,1,8,0,Completed
2025-01-16 21:35:57.119039680,Logistics,Stock handling,5,37.6,1.12,403.92,107.61,0,0,4,2,Completed
2025-01-17 00:30:43.814604868,Service Business,Supplier coordination,7,38.4,1.23,577.55,116.47,1,4,6,2,Delayed
2025-01-17 03:25:30.510170056,Logistics,Appointment,5,19.7,1.83,285.53,89.7,0,0,5,1,Completed
2025-01-17 06:20:17.205735245,Clinic,Customer enquiry,1,17.4,2.12,68.39,118.85,0,0,1,1,Completed
2025-01-17 09:15:03.901300433,Clinic,Order processing,5,22.9,0.43,440.38,18.17,0,0,4,3,Completed
2025-01-17 12:09:50.596865622,Service Business,Order processing,8,30.5,1.02,897.18,47.58,0,1,4,2,Completed
2025-01-17 15:04:37.292430810,Restaurant,Supplier coordination,7,47.4,0.9,432.09,107.79,0,0,5,1,Completed
2025-01-17 17:59:23.987995998,Restaurant,Payment,9,15.2,0.91,723.67,78.83,0,0,9,1,Completed
2025-01-17 20:54:10.683561187,Logistics,Appointment,11,26.0,1.52,990.11,118.71,0,3,8,1,Completed
2025-01-17 23:48:57.379126375,Retail,Complaint handling,9,61.3,1.43,1057.85,112.03,0,1,6,4,Completed
2025-01-18 02:43:44.074691564,Logistics,Supplier coordination,7,44.3,1.78,607.91,130.24,0,3,4,4,Completed
2025-01-18 05:38:30.770256752,Service Business,Payment,5,19.2,1.57,600.0,71.83,0,0,5,2,Completed
2025-01-18 08:33:17.465821940,Service Business,Appointment,5,18.5,1.34,231.45,129.72,0,0,5,1,Completed
2025-01-18 11:28:04.161387129,Service Business,Customer enquiry,6,16.3,0.32,522.37,18.76,0,0,5,2,Completed
2025-01-18 14:22:50.856952317,Service Business,Follow-up,6,24.1,0.85,432.46,44.24,0,0,3,2,Completed
2025-01-18 17:17:37.552517506,Service Business,Complaint handling,5,35.6,4.78,387.3,163.94,0,0,4,1,Completed
2025-01-18 20:12:24.248082694,Clinic,Stock handling,10,27.1,3.48,512.68,142.53,0,1,8,2,Completed
2025-01-18 23:07:10.943647882,Restaurant,Order processing,8,19.5,5.27,839.18,180.49,0,0,6,1,Completed
2025-01-19 02:01:57.639213071,Service Business,Booking,8,17.0,1.38,726.43,81.55,0,0,4,0,Completed
2025-01-19 04:56:44.334778259,Retail,Customer enquiry,7,21.0,0.82,578.85,80.26,0,1,5,1,Completed
2025-01-19 07:51:31.030343447,Retail,Order processing,6,31.8,3.35,241.82,150.55,0,0,6,2,Completed
2025-01-19 10:46:17.725908636,Retail,Delivery,4,37.1,2.28,392.38,102.71,0,2,3,1,Completed
2025-01-19 13:41:04.421473824,Retail,Booking,11,20.5,1.11,697.13,48.03,0,1,5,4,Completed
2025-01-19 16:35:51.117039013,Clinic,Order processing,5,28.5,2.71,303.76,182.33,0,0,2,1,Completed
2025-01-19 19:30:37.812604201,Retail,Payment,9,17.4,1.34,403.5,72.33,0,1,5,0,Completed
2025-01-19 22:25:24.508169389,Service Business,Complaint handling,4,31.1,1.07,282.68,138.2,0,1,3,0,Completed
2025-01-20 01:20:11.203734578,Logistics,Order processing,6,24.2,1.31,395.0,77.9,0,1,4,0,Completed
2025-01-20 04:14:57.899299766,Retail,Stock handling,8,35.1,0.67,860.13,63.65,0,1,6,3,Completed
2025-01-20 07:09:44.594864955,Clinic,Follow-up,5,34.6,1.28,279.59,78.51,0,1,3,3,Completed
2025-01-20 10:04:31.290430143,Clinic,Payment,8,8.6,3.14,497.48,221.0,0,0,5,0,Completed
2025-01-20 12:59:17.985995331,Retail,Customer enquiry,6,22.7,2.24,390.07,130.32,0,0,4,2,Completed
2025-01-20 15:54:04.681560520,Logistics,Customer enquiry,8,13.3,1.86,479.87,150.01,0,0,7,1,Completed
2025-01-20 18:48:51.377125708,Retail,Customer enquiry,7,17.1,1.05,341.52,35.33,0,0,3,1,Completed
2025-01-20 21:43:38.072690897,Clinic,Customer enquiry,4,20.9,3.87,369.13,169.33,0,0,3,3,Completed
2025-01-21 00:38:24.768256085,Restaurant,Follow-up,5,31.2,2.69,370.97,163.92,0,0,2,1,Completed
2025-01-21 03:33:11.463821273,Service Business,Order processing,8,19.5,0.97,529.08,58.6,0,1,6,2,Completed
2025-01-21 06:27:58.159386462,Clinic,Appointment,8,18.0,0.36,509.34,40.38,0,0,8,2,Completed
2025-01-21 09:22:44.854951650,Retail,Order processing,6,37.9,1.61,484.59,112.42,0,1,3,2,Completed
2025-01-21 12:17:31.550516839,Service Business,Delivery,7,34.1,2.26,446.8,141.31,0,0,3,3,Completed
2025-01-21 15:12:18.246082027,Retail,Complaint handling,9,31.9,0.93,688.5,153.63,1,5,3,3,Delayed
2025-01-21 18:07:04.941647215,Retail,Booking,7,9.1,2.04,619.54,81.48,0,0,5,1,Completed
2025-01-21 21:01:51.637212404,Restaurant,Appointment,7,37.5,1.17,599.03,126.08,0,2,3,2,Completed
2025-01-21 23:56:38.332777592,Service Business,Appointment,10,17.5,0.76,1096.31,89.17,0,0,8,0,Completed
2025-01-22 02:51:25.028342781,Service Business,Order processing,4,21.1,1.77,398.1,105.22,0,0,3,0,Completed
2025-01-22 05:46:11.723907969,Restaurant,Appointment,7,16.3,0.86,596.9,57.78,0,0,5,2,Completed
2025-01-22 08:40:58.419473157,Clinic,Supplier coordination,8,41.0,2.32,691.18,106.84,0,1,5,1,Completed
2025-01-22 11:35:45.115038346,Retail,Supplier coordination,5,39.9,2.68,605.66,134.12,0,0,3,2,Completed
2025-01-22 14:30:31.810603534,Logistics,Delivery,6,49.3,3.05,362.64,205.86,0,1,4,0,Completed
2025-01-22 17:25:18.506168723,Retail,Booking,3,25.1,0.88,266.82,63.88,0,0,1,0,Completed
2025-01-22 20:20:05.201733911,Retail,Stock handling,7,44.0,0.6,413.17,58.16,1,2,5,3,Delayed
2025-01-22 23:14:51.897299099,Clinic,Follow-up,5,32.1,1.83,481.7,92.28,0,1,5,2,Completed
2025-01-23 02:09:38.592864288,Retail,Order processing,16,20.4,3.16,1472.75,189.45,0,1,12,3,Completed
2025-01-23 05:04:25.288429476,Restaurant,Follow-up,5,28.5,2.46,363.0,142.23,0,0,3,1,Completed
2025-01-23 07:59:11.983994665,Restaurant,Stock handling,7,23.1,0.91,745.85,37.92,0,0,6,1,Completed
2025-01-23 10:53:58.679559853,Service Business,Order processing,4,19.7,0.98,317.3,61.34,0,0,3,1,Completed
2025-01-23 13:48:45.375125041,Logistics,Order processing,7,38.9,1.18,597.69,59.21,0,3,3,1,Completed
2025-01-23 16:43:32.070690230,Retail,Booking,7,20.7,3.05,297.16,185.41,0,2,6,0,Completed
2025-01-23 19:38:18.766255418,Retail,Follow-up,6,32.5,1.94,765.36,143.49,0,2,4,0,Completed
2025-01-23 22:33:05.461820607,Clinic,Supplier coordination,12,36.3,1.85,663.42,72.72,1,2,7,3,Delayed
2025-01-24 01:27:52.157385795,Restaurant,Customer enquiry,7,20.3,0.1,354.51,18.32,0,0,7,0,Completed
2025-01-24 04:22:38.852950983,Logistics,Follow-up,12,27.0,1.57,1100.02,75.68,0,0,10,2,Completed
2025-01-24 07:17:25.548516172,Service Business,Complaint handling,11,35.5,3.24,899.47,196.2,0,2,4,2,Completed
2025-01-24 10:12:12.244081360,Restaurant,Complaint handling,6,28.8,3.04,265.66,209.72,0,1,2,1,Completed
2025-01-24 13:06:58.939646549,Service Business,Order processing,12,28.0,2.08,709.65,150.25,0,1,6,3,Completed
2025-01-24 16:01:45.635211737,Clinic,Customer enquiry,7,12.6,0.93,483.74,94.83,0,0,5,1,Completed
2025-01-24 18:56:32.330776925,Clinic,Payment,5,12.9,0.8,308.24,81.53,0,0,3,3,Completed
2025-01-24 21:51:19.026342114,Retail,Stock handling,9,28.5,1.42,740.87,93.89,0,0,4,4,Completed
2025-01-25 00:46:05.721907302,Logistics,Delivery,12,43.6,3.23,1181.77,228.41,0,3,6,7,Completed
2025-01-25 03:40:52.417472491,Service Business,Customer enquiry,7,21.0,0.47,884.53,38.79,0,0,3,1,Completed
2025-01-25 06:35:39.113037679,Restaurant,Delivery,6,42.4,1.5,265.96,108.39,0,1,5,0,Completed
2025-01-25 09:30:25.808602867,Clinic,Follow-up,2,30.8,2.45,153.09,122.45,0,0,1,1,Completed
2025-01-25 12:25:12.504168056,Retail,Follow-up,7,25.2,2.76,559.03,145.38,0,0,5,1,Completed
2025-01-25 15:19:59.199733244,Retail,Delivery,10,33.3,3.1,795.66,184.25,0,1,3,3,Completed
2025-01-25 18:14:45.895298433,Service Business,Stock handling,5,34.9,1.57,411.93,112.54,0,1,2,2,Completed
2025-01-25 21:09:32.590863621,Clinic,Customer enquiry,3,30.5,0.21,239.48,53.25,0,0,3,1,Completed
2025-01-26 00:04:19.286428809,Logistics,Payment,14,12.7,2.22,1449.72,120.62,0,0,12,3,Completed
2025-01-26 02:59:05.981993998,Clinic,Order processing,5,21.8,1.2,432.6,68.66,0,1,4,0,Completed
2025-01-26 05:53:52.677559186,Service Business,Booking,7,9.8,0.85,313.09,77.54,0,1,5,0,Completed
2025-01-26 08:48:39.373124374,Service Business,Follow-up,10,26.4,0.31,490.15,26.97,0,1,5,2,Completed
2025-01-26 11:43:26.068689563,Clinic,Complaint handling,7,31.4,1.26,685.77,61.16,0,1,6,2,Completed
2025-01-26 14:38:12.764254751,Service Business,Stock handling,13,22.0,0.9,1155.0,65.1,0,1,5,4,Completed
2025-01-26 17:32:59.459819940,Clinic,Booking,10,24.7,0.99,719.27,139.68,0,1,6,3,Completed
2025-01-26 20:27:46.155385128,Restaurant,Payment,9,17.6,1.6,795.5,116.22,0,2,4,4,Completed
2025-01-26 23:22:32.850950316,Clinic,Appointment,9,25.8,1.09,823.15,66.19,0,1,4,4,Completed
2025-01-27 02:17:19.546515505,Clinic,Order processing,3,24.0,0.76,300.72,94.38,0,0,1,1,Completed
2025-01-27 05:12:06.242080693,Service Business,Follow-up,7,24.8,1.96,510.39,96.25,0,0,4,1,Completed
2025-01-27 08:06:52.937645882,Service Business,Order processing,9,25.5,1.73,859.77,103.92,0,1,4,3,Completed
2025-01-27 11:01:39.633211070,Retail,Booking,5,16.0,0.83,375.95,45.22,0,0,3,0,Completed
2025-01-27 13:56:26.328776259,Retail,Order processing,6,19.2,0.55,273.47,91.6,0,0,4,1,Completed
2025-01-27 16:51:13.024341447,Restaurant,Appointment,4,25.8,2.26,346.14,126.39,0,0,3,1,Completed
2025-01-27 19:45:59.719906635,Retail,Booking,7,15.6,0.59,740.99,66.3,0,0,3,3,Completed
2025-01-27 22:40:46.415471824,Clinic,Follow-up,8,29.0,3.2,761.19,185.87,0,2,7,3,Completed
2025-01-28 01:35:33.111037012,Service Business,Customer enquiry,7,15.9,0.47,730.7,48.41,0,1,3,0,Completed
2025-01-28 04:30:19.806602201,Retail,Complaint handling,7,33.2,2.36,573.14,138.78,0,3,4,1,Completed
2025-01-28 07:25:06.502167389,Retail,Booking,10,19.9,0.82,594.14,68.67,0,1,8,1,Completed
2025-01-28 10:19:53.197732577,Restaurant,Supplier coordination,7,54.2,1.39,575.75,132.06,1,2,4,3,Delayed
2025-01-28 13:14:39.893297766,Restaurant,Appointment,7,34.8,2.71,488.33,108.95,1,0,5,1,Delayed
2025-01-28 16:09:26.588862954,Clinic,Booking,6,13.9,4.71,511.27,225.73,0,0,6,0,Completed
2025-01-28 19:04:13.284428143,Service Business,Booking,13,15.3,2.03,1030.8,107.3,0,0,8,3,Completed
2025-01-28 21:58:59.979993331,Restaurant,Supplier coordination,3,49.0,3.19,301.92,232.28,1,0,1,1,Delayed
2025-01-29 00:53:46.675558519,Retail,Follow-up,12,25.3,2.4,570.81,77.99,0,1,4,5,Completed
2025-01-29 03:48:33.371123708,Service Business,Booking,4,11.0,0.73,106.32,117.83,0,0,3,0,Completed
2025-01-29 06:43:20.066688896,Service Business,Complaint handling,10,35.6,2.05,797.28,80.85,1,3,6,2,Delayed
2025-01-29 09:38:06.762254085,Retail,Order processing,5,27.2,0.45,350.87,21.17,0,1,3,2,Completed
2025-01-29 12:32:53.457819273,Restaurant,Follow-up,5,28.8,2.66,332.89,82.64,0,0,5,2,Completed
2025-01-29 15:27:40.153384461,Retail,Complaint handling,11,32.7,1.22,686.99,97.91,0,4,8,5,Completed
2025-01-29 18:22:26.848949650,Service Business,Follow-up,7,31.1,1.28,540.45,71.75,0,1,4,2,Completed
2025-01-29 21:17:13.544514838,Logistics,Complaint handling,5,33.1,1.81,435.37,184.38,0,0,4,3,Completed
2025-01-30 00:12:00.240080027,Logistics,Appointment,6,21.3,1.33,540.59,81.51,0,0,4,2,Completed
2025-01-30 03:06:46.935645215,Clinic,Complaint handling,3,33.9,0.57,45.99,58.69,0,0,3,0,Completed
2025-01-30 06:01:33.631210403,Retail,Delivery,9,40.1,0.58,681.47,70.04,1,3,6,3,Delayed
2025-01-30 08:56:20.326775592,Retail,Complaint handling,8,31.9,0.77,310.23,102.04,0,2,6,2,Completed
2025-01-30 11:51:07.022340780,Clinic,Customer enquiry,5,19.6,0.26,487.94,77.49,0,1,4,1,Completed
2025-01-30 14:45:53.717905968,Clinic,Customer enquiry,7,12.6,1.63,641.79,152.87,0,0,5,1,Completed
2025-01-30 17:40:40.413471157,Clinic,Stock handling,7,23.0,1.61,381.87,95.84,0,0,3,0,Completed
2025-01-30 20:35:27.109036345,Service Business,Delivery,9,42.2,1.19,719.54,86.81,1,6,2,3,Delayed
2025-01-30 23:30:13.804601534,Retail,Delivery,7,37.2,1.47,237.51,87.97,0,1,3,2,Completed
2025-01-31 02:25:00.500166722,Service Business,Order processing,9,23.1,1.34,788.49,76.46,0,1,8,1,Completed
2025-01-31 05:19:47.195731910,Clinic,Delivery,5,45.1,1.21,439.65,77.61,1,3,4,1,Delayed
2025-01-31 08:14:33.891297099,Retail,Order processing,7,33.9,1.09,662.74,99.66,0,2,4,1,Completed
2025-01-31 11:09:20.586862287,Service Business,Stock handling,9,31.6,1.65,825.06,102.89,0,0,6,1,Completed
2025-01-31 14:04:07.282427476,Service Business,Stock handling,5,26.2,2.72,330.77,158.19,0,0,4,1,Completed
2025-01-31 16:58:53.977992664,Clinic,Appointment,8,19.8,2.13,442.9,160.13,0,1,5,0,Completed
2025-01-31 19:53:40.673557852,Retail,Customer enquiry,6,16.0,2.83,376.09,196.9,0,0,3,1,Completed
2025-01-31 22:48:27.369123041,Clinic,Complaint handling,8,36.1,1.08,601.92,50.8,0,2,4,1,Completed
2025-02-01 01:43:14.064688229,Retail,Complaint handling,5,30.8,1.72,250.97,128.74,0,1,5,3,Completed
2025-02-01 04:38:00.760253418,Logistics,Supplier coordination,10,47.3,0.96,703.89,46.71,0,4,8,1,Completed
2025-02-01 07:32:47.455818606,Restaurant,Supplier coordination,9,44.6,1.34,633.55,113.41,0,3,9,2,Completed
2025-02-01 10:27:34.151383794,Restaurant,Payment,5,12.1,1.74,512.95,125.45,0,0,5,1,Completed
2025-02-01 13:22:20.846948983,Restaurant,Follow-up,5,27.0,0.09,441.77,15.77,0,1,2,1,Completed
2025-02-01 16:17:07.542514171,Clinic,Appointment,7,20.0,1.41,435.21,76.75,0,0,6,1,Completed
2025-02-01 19:11:54.238079360,Logistics,Payment,4,12.5,3.8,337.67,202.11,0,0,2,1,Completed
2025-02-01 22:06:40.933644548,Retail,Payment,9,14.1,1.37,785.32,87.89,0,0,4,0,Completed
2025-02-02 01:01:27.629209736,Service Business,Booking,5,16.6,0.96,199.13,55.24,0,1,2,1,Completed
2025-02-02 03:56:14.324774925,Retail,Booking,9,27.0,1.26,1113.0,126.04,0,2,8,1,Completed
2025-02-02 06:51:01.020340113,Service Business,Payment,4,14.1,1.16,295.97,65.28,0,1,2,0,Completed
2025-02-02 09:45:47.715905302,Retail,Delivery,4,36.6,3.39,232.73,167.94,0,0,1,1,Completed
2025-02-02 12:40:34.411470490,Logistics,Follow-up,9,38.3,0.52,706.0,79.48,0,2,5,1,Completed
2025-02-02 15:35:21.107035678,Service Business,Appointment,5,21.3,1.78,288.94,99.58,0,0,3,0,Completed
2025-02-02 18:30:07.802600867,Clinic,Payment,2,7.4,1.99,78.58,78.38,0,0,1,0,Completed
2025-02-02 21:24:54.498166055,Retail,Complaint handling,6,46.9,2.51,542.35,108.76,0,2,3,1,Completed
2025-02-03 00:19:41.193731244,Retail,Follow-up,7,25.0,1.13,552.53,72.19,0,3,4,2,Completed
2025-02-03 03:14:27.889296432,Service Business,Booking,7,17.9,1.75,586.22,155.3,0,0,6,0,Completed
2025-02-03 06:09:14.584861620,Clinic,Complaint handling,7,33.8,1.16,285.52,137.21,0,2,2,4,Completed
2025-02-03 09:04:01.280426809,Clinic,Booking,1,15.5,1.46,88.03,72.96,0,0,1,0,Completed
2025-02-03 11:58:47.975991997,Logistics,Booking,7,12.4,2.02,511.04,91.05,0,0,4,1,Completed
2025-02-03 14:53:34.671557186,Clinic,Follow-up,2,24.7,4.77,100.85,223.96,0,0,1,0,Completed
2025-02-03 17:48:21.367122374,Clinic,Booking,7,21.7,0.93,405.87,80.75,0,0,4,2,Completed
2025-02-03 20:43:08.062687562,Clinic,Stock handling,9,26.7,1.95,1013.28,97.88,0,0,6,1,Completed
2025-02-03 23:37:54.758252751,Restaurant,Customer enquiry,11,17.5,1.81,752.23,79.42,0,0,9,3,Completed
2025-02-04 02:32:41.453817939,Logistics,Stock handling,11,25.6,0.31,1227.62,34.04,0,1,9,3,Completed
2025-02-04 05:27:28.149383128,Retail,Customer enquiry,8,25.5,1.96,455.27,149.32,0,0,7,2,Completed
2025-02-04 08:22:14.844948316,Service Business,Supplier coordination,9,38.1,0.24,588.29,23.23,0,2,3,4,Completed
2025-02-04 11:17:01.540513504,Retail,Supplier coordination,5,51.4,4.38,344.26,241.08,0,2,3,1,Completed
2025-02-04 14:11:48.236078693,Logistics,Booking,2,16.9,2.44,190.09,135.68,0,0,2,0,Completed
2025-02-04 17:06:34.931643881,Service Business,Appointment,2,19.9,0.32,166.93,81.19,0,0,2,0,Completed
2025-02-04 20:01:21.627209070,Logistics,Appointment,6,19.2,2.07,490.22,82.26,0,0,5,2,Completed
2025-02-04 22:56:08.322774258,Clinic,Customer enquiry,9,15.8,2.05,907.4,148.97,0,0,8,0,Completed
2025-02-05 01:50:55.018339446,Service Business,Complaint handling,6,31.7,2.46,548.05,135.57,0,1,3,2,Completed
2025-02-05 04:45:41.713904635,Clinic,Follow-up,3,33.0,1.93,144.23,150.79,0,0,2,1,Completed
2025-02-05 07:40:28.409469823,Retail,Booking,12,11.5,1.69,1188.03,82.12,0,0,9,1,Completed
2025-02-05 10:35:15.105035012,Retail,Follow-up,9,27.8,0.32,490.01,50.39,1,3,5,1,Delayed
2025-02-05 13:30:01.800600200,Service Business,Stock handling,7,27.5,4.97,697.7,257.05,0,0,5,1,Completed
2025-02-05 16:24:48.496165388,Service Business,Appointment,5,17.9,1.96,438.44,99.61,0,0,4,0,Completed
2025-02-05 19:19:35.191730577,Logistics,Delivery,10,33.9,2.74,905.01,167.47,0,2,5,5,Completed
2025-02-05 22:14:21.887295765,Logistics,Stock handling,8,20.8,1.21,546.44,62.26,0,0,4,1,Completed
2025-02-06 01:09:08.582860954,Clinic,Stock handling,2,27.4,1.45,108.36,72.9,0,0,1,2,Completed
2025-02-06 04:03:55.278426142,Service Business,Customer enquiry,4,13.2,1.71,298.67,132.6,0,0,4,0,Completed
2025-02-06 06:58:41.973991330,Retail,Order processing,7,38.6,1.44,591.11,117.53,0,1,3,4,Completed
2025-02-06 09:53:28.669556519,Logistics,Stock handling,9,28.9,1.53,815.57,92.62,0,1,7,1,Completed
2025-02-06 12:48:15.365121707,Logistics,Booking,9,13.6,0.59,599.88,62.02,0,0,6,0,Completed
2025-02-06 15:43:02.060686895,Retail,Payment,6,11.6,1.79,378.92,111.06,0,0,5,0,Completed
2025-02-06 18:37:48.756252084,Logistics,Payment,6,14.5,0.56,426.04,73.43,0,0,5,0,Completed
2025-02-06 21:32:35.451817272,Clinic,Booking,10,13.8,0.56,955.76,62.47,0,1,9,2,Completed
2025-02-07 00:27:22.147382461,Service Business,Order processing,6,19.0,0.11,229.86,12.12,0,1,5,1,Completed
2025-02-07 03:22:08.842947649,Retail,Order processing,7,19.5,3.6,502.83,170.18,0,0,5,1,Completed
2025-02-07 06:16:55.538512837,Service Business,Customer enquiry,6,24.6,1.88,376.39,102.42,0,0,5,0,Completed
2025-02-07 09:11:42.234078026,Logistics,Appointment,6,19.3,1.75,533.61,123.43,0,1,5,4,Completed
2025-02-07 12:06:28.929643214,Logistics,Follow-up,7,28.3,1.09,711.02,143.58,0,1,1,1,Completed
2025-02-07 15:01:15.625208403,Retail,Order processing,7,29.8,3.24,295.0,132.64,0,0,1,1,Completed
2025-02-07 17:56:02.320773591,Clinic,Delivery,5,36.0,2.27,424.95,71.92,0,0,3,1,Completed
2025-02-07 20:50:49.016338779,Restaurant,Customer enquiry,9,12.9,0.46,877.11,63.58,0,0,7,2,Completed
2025-02-07 23:45:35.711903968,Retail,Supplier coordination,9,41.6,0.55,507.64,68.89,0,3,4,1,Completed
2025-02-08 02:40:22.407469156,Restaurant,Complaint handling,6,35.7,0.91,595.82,45.14,0,0,4,1,Completed
2025-02-08 05:35:09.103034345,Restaurant,Supplier coordination,6,38.0,0.93,336.73,72.81,0,1,3,5,Completed
2025-02-08 08:29:55.798599533,Clinic,Customer enquiry,6,14.2,0.14,546.21,10.0,0,0,3,2,Completed
2025-02-08 11:24:42.494164721,Restaurant,Stock handling,7,32.2,2.94,726.54,198.8,0,1,5,1,Completed
2025-02-08 14:19:29.189729910,Restaurant,Follow-up,5,30.8,3.64,306.6,224.37,0,0,4,0,Completed
2025-02-08 17:14:15.885295098,Clinic,Complaint handling,4,32.1,1.27,288.74,74.35,0,1,1,2,Completed
2025-02-08 20:09:02.580860287,Restaurant,Supplier coordination,4,37.0,1.46,409.99,107.02,0,0,2,2,Completed
2025-02-08 23:03:49.276425475,Restaurant,Complaint handling,7,38.0,1.16,181.63,62.65,0,2,3,2,Completed
2025-02-09 01:58:35.971990663,Restaurant,Delivery,7,37.2,3.3,621.0,199.06,0,1,3,2,Completed
2025-02-09 04:53:22.667555852,Retail,Delivery,16,34.8,1.52,1880.94,91.6,0,4,6,7,Completed
2025-02-09 07:48:09.363121040,Retail,Delivery,7,41.4,4.7,86.99,287.33,0,2,3,1,Completed
2025-02-09 10:42:56.058686229,Retail,Customer enquiry,5,17.6,1.67,508.51,66.11,0,0,2,0,Completed
2025-02-09 13:37:42.754251417,Clinic,Follow-up,5,30.0,1.24,480.75,70.5,0,2,3,2,Completed
2025-02-09 16:32:29.449816605,Logistics,Customer enquiry,8,21.4,2.11,614.53,137.62,1,2,4,2,Delayed
2025-02-09 19:27:16.145381794,Restaurant,Payment,6,8.1,4.49,522.1,203.09,0,0,4,2,Completed
2025-02-09 22:22:02.840946982,Restaurant,Stock handling,4,22.6,1.6,333.62,88.35,1,2,4,1,Delayed
2025-02-10 01:16:49.536512171,Clinic,Stock handling,13,31.4,3.29,858.35,141.15,1,3,8,1,Delayed
2025-02-10 04:11:36.232077359,Restaurant,Delivery,8,40.7,2.89,841.74,165.07,0,1,8,1,Completed
2025-02-10 07:06:22.927642547,Retail,Payment,10,19.0,0.32,778.62,18.62,0,1,7,1,Completed
2025-02-10 10:01:09.623207736,Logistics,Order processing,7,21.4,1.28,606.62,74.06,0,0,7,2,Completed
2025-02-10 12:55:56.318772924,Service Business,Order processing,3,23.9,0.42,170.64,18.65,0,0,2,1,Completed
2025-02-10 15:50:43.014338113,Restaurant,Delivery,3,38.1,0.8,79.9,96.46,0,1,2,1,Completed
2025-02-10 18:45:29.709903301,Retail,Supplier coordination,7,43.2,2.6,364.46,130.52,0,1,4,2,Completed
2025-02-10 21:40:16.405468489,Service Business,Customer enquiry,8,20.0,1.82,945.93,112.47,0,2,5,0,Completed
2025-02-11 00:35:03.101033678,Logistics,Delivery,4,42.8,1.19,368.69,62.39,0,0,3,0,Completed
2025-02-11 03:29:49.796598866,Service Business,Appointment,3,20.9,2.14,205.49,117.1,0,0,1,0,Completed
2025-02-11 06:24:36.492164055,Retail,Complaint handling,9,38.1,0.82,815.33,54.58,0,1,6,4,Completed
2025-02-11 09:19:23.187729243,Service Business,Stock handling,9,31.2,0.56,785.72,87.14,0,2,7,1,Completed
2025-02-11 12:14:09.883294431,Clinic,Order processing,6,23.8,0.2,230.28,34.17,0,0,5,2,Completed
2025-02-11 15:08:56.578859620,Service Business,Booking,6,13.5,3.52,580.18,159.98,0,0,5,2,Completed
2025-02-11 18:03:43.274424808,Restaurant,Order processing,5,24.6,3.19,180.11,128.42,0,0,4,0,Completed
2025-02-11 20:58:29.969989997,Restaurant,Stock handling,8,28.8,1.63,513.34,178.86,0,1,4,3,Completed
2025-02-11 23:53:16.665555185,Clinic,Complaint handling,4,61.7,3.04,225.75,161.57,0,0,2,3,Completed
2025-02-12 02:48:03.361120373,Retail,Stock handling,7,26.9,3.92,576.96,201.13,0,0,7,2,Completed
2025-02-12 05:42:50.056685562,Restaurant,Booking,8,12.5,3.46,661.13,178.42,0,0,7,1,Completed
2025-02-12 08:37:36.752250750,Logistics,Delivery,8,32.7,1.12,95.09,98.16,0,0,6,2,Completed
2025-02-12 11:32:23.447815939,Restaurant,Payment,6,18.1,2.52,630.37,142.32,0,0,6,1,Completed
2025-02-12 14:27:10.143381127,Restaurant,Booking,6,10.8,2.82,476.24,168.2,0,0,5,1,Completed
2025-02-12 17:21:56.838946315,Retail,Stock handling,12,49.2,0.42,1190.19,39.11,0,3,8,7,Completed
2025-02-12 20:16:43.534511504,Service Business,Stock handling,5,28.5,2.89,393.65,223.41,0,1,3,0,Completed
2025-02-12 23:11:30.230076692,Restaurant,Appointment,5,35.3,0.77,409.36,70.71,1,4,2,1,Delayed
2025-02-13 02:06:16.925641881,Clinic,Appointment,13,26.6,3.03,603.78,211.69,0,3,8,3,Completed
2025-02-13 05:01:03.621207069,Service Business,Follow-up,9,27.5,2.34,547.97,138.61,0,3,6,1,Completed
2025-02-13 07:55:50.316772257,Logistics,Appointment,5,23.3,2.17,366.34,104.76,0,0,2,3,Completed
2025-02-13 10:50:37.012337446,Retail,Customer enquiry,7,14.8,1.2,653.19,63.81,0,0,4,1,Completed
2025-02-13 13:45:23.707902634,Logistics,Payment,9,12.4,1.15,612.76,119.79,0,1,5,1,Completed
2025-02-13 16:40:10.403467822,Service Business,Complaint handling,6,36.6,7.9,373.06,318.93,0,0,4,3,Completed
2025-02-13 19:34:57.099033011,Service Business,Booking,12,10.3,1.09,697.5,90.43,0,0,9,0,Completed
2025-02-13 22:29:43.794598199,Service Business,Stock handling,4,24.8,0.61,343.55,50.74,0,0,1,0,Completed
2025-02-14 01:24:30.490163388,Logistics,Follow-up,6,32.8,1.27,455.91,53.93,0,3,2,3,Completed
2025-02-14 04:19:17.185728576,Service Business,Follow-up,6,30.5,0.82,351.47,75.63,0,0,4,1,Completed
2025-02-14 07:14:03.881293764,Logistics,Complaint handling,5,30.5,1.72,368.7,104.43,0,1,3,3,Completed
2025-02-14 10:08:50.576858953,Service Business,Payment,6,21.1,0.91,368.62,68.62,0,0,5,3,Completed
2025-02-14 13:03:37.272424141,Clinic,Booking,13,15.8,0.55,734.2,29.1,0,0,9,1,Completed
2025-02-14 15:58:23.967989330,Service Business,Order processing,14,21.3,2.43,599.78,108.07,1,3,8,4,Delayed
2025-02-14 18:53:10.663554518,Logistics,Appointment,7,16.3,1.76,336.73,165.38,0,0,7,2,Completed
2025-02-14 21:47:57.359119706,Restaurant,Delivery,4,44.8,0.82,307.36,77.74,0,1,2,1,Completed
2025-02-15 00:42:44.054684895,Service Business,Follow-up,9,35.8,3.87,300.75,217.12,0,2,9,2,Completed
2025-02-15 03:37:30.750250083,Restaurant,Appointment,9,25.0,1.34,535.17,99.0,0,0,7,1,Completed
2025-02-15 06:32:17.445815272,Clinic,Appointment,10,21.2,6.15,922.35,238.79,0,1,4,2,Completed
2025-02-15 09:27:04.141380460,Retail,Customer enquiry,11,19.9,0.61,1095.64,53.89,0,1,8,0,Completed
2025-02-15 12:21:50.836945648,Clinic,Payment,3,17.5,2.27,258.43,144.96,0,0,2,0,Completed
2025-02-15 15:16:37.532510837,Service Business,Delivery,7,35.9,0.98,671.65,45.1,1,2,5,4,Delayed
2025-02-15 18:11:24.228076025,Restaurant,Order processing,3,22.4,2.01,235.3,114.05,0,1,3,1,Completed
2025-02-15 21:06:10.923641214,Restaurant,Stock handling,10,27.4,2.69,548.41,128.15,0,2,5,3,Completed
2025-02-16 00:00:57.619206402,Logistics,Customer enquiry,7,15.8,2.92,651.62,169.65,0,0,6,0,Completed
2025-02-16 02:55:44.314771590,Restaurant,Appointment,10,18.9,1.83,887.07,78.49,0,0,9,2,Completed
2025-02-16 05:50:31.010336779,Logistics,Appointment,9,22.6,3.28,595.09,170.76,0,0,6,2,Completed
2025-02-16 08:45:17.705901967,Retail,Supplier coordination,8,47.6,2.7,514.45,151.61,0,1,5,1,Completed
2025-02-16 11:40:04.401467156,Service Business,Delivery,8,44.3,4.82,615.96,355.1,0,2,5,1,Completed
2025-02-16 14:34:51.097032344,Logistics,Delivery,8,38.6,6.15,823.42,259.45,1,2,6,1,Delayed
2025-02-16 17:29:37.792597532,Retail,Supplier coordination,4,40.9,0.99,278.92,99.93,0,1,2,1,Completed
2025-02-16 20:24:24.488162721,Restaurant,Delivery,5,47.5,2.33,55.68,114.3,1,3,4,3,Delayed
2025-02-16 23:19:11.183727909,Restaurant,Appointment,5,24.5,0.24,437.68,79.84,0,0,3,1,Completed
2025-02-17 02:13:57.879293098,Retail,Follow-up,7,24.0,1.13,375.16,103.18,0,2,4,2,Completed
2025-02-17 05:08:44.574858286,Restaurant,Booking,11,11.8,1.12,965.7,116.64,0,0,6,0,Completed
2025-02-17 08:03:31.270423474,Retail,Appointment,7,25.2,2.16,608.62,105.41,0,0,5,0,Completed
2025-02-17 10:58:17.965988663,Logistics,Customer enquiry,5,24.0,4.24,559.24,235.6,0,1,2,2,Completed
2025-02-17 13:53:04.661553851,Logistics,Payment,9,8.0,2.52,682.36,118.68,0,0,7,1,Completed
2025-02-17 16:47:51.357119040,Retail,Supplier coordination,7,40.8,0.59,622.38,124.69,1,2,4,2,Delayed
2025-02-17 19:42:38.052684228,Logistics,Order processing,9,20.9,1.79,728.48,139.2,0,1,6,1,Completed
2025-02-17 22:37:24.748249416,Logistics,Stock handling,5,27.5,3.04,486.67,168.77,1,0,4,1,Delayed
2025-02-18 01:32:11.443814605,Logistics,Order processing,9,33.1,1.71,20.0,146.38,0,1,9,4,Completed
2025-02-18 04:26:58.139379793,Clinic,Appointment,5,17.0,1.71,315.51,111.48,0,0,3,1,Completed
2025-02-18 07:21:44.834944982,Service Business,Customer enquiry,11,15.9,0.95,798.26,62.57,0,0,8,4,Completed
2025-02-18 10:16:31.530510170,Restaurant,Appointment,10,20.4,0.4,790.28,60.88,0,1,7,3,Completed
2025-02-18 13:11:18.226075358,Clinic,Payment,5,9.1,3.46,256.46,209.91,0,0,4,1,Completed
2025-02-18 16:06:04.921640547,Logistics,Follow-up,6,23.0,0.1,507.12,55.66,0,1,3,1,Completed
2025-02-18 19:00:51.617205735,Retail,Stock handling,7,23.1,1.39,681.87,76.69,0,0,5,2,Completed
2025-02-18 21:55:38.312770924,Logistics,Payment,7,29.6,1.61,439.32,127.39,1,1,5,4,Delayed
2025-02-19 00:50:25.008336112,Service Business,Supplier coordination,9,40.0,3.2,509.52,138.51,0,1,6,1,Completed
2025-02-19 03:45:11.703901300,Logistics,Supplier coordination,2,40.1,5.13,173.4,258.55,0,1,1,0,Completed
2025-02-19 06:39:58.399466489,Retail,Appointment,8,25.1,3.34,652.03,127.47,0,0,5,3,Completed
2025-02-19 09:34:45.095031677,Service Business,Customer enquiry,11,17.6,2.73,914.51,94.93,0,0,5,1,Completed
2025-02-19 12:29:31.790596866,Logistics,Payment,6,23.0,1.02,276.3,101.4,0,1,2,1,Completed
2025-02-19 15:24:18.486162054,Service Business,Complaint handling,6,35.4,0.94,829.16,47.7,0,0,3,2,Completed
2025-02-19 18:19:05.181727242,Restaurant,Customer enquiry,3,15.4,1.18,71.1,107.49,0,0,2,0,Completed
2025-02-19 21:13:51.877292431,Restaurant,Follow-up,6,32.5,2.09,582.26,174.93,1,1,3,2,Delayed
2025-02-20 00:08:38.572857619,Logistics,Supplier coordination,7,36.9,3.58,435.5,186.18,0,2,5,4,Completed
2025-02-20 03:03:25.268422807,Service Business,Appointment,11,19.6,2.32,1589.27,161.89,0,1,7,1,Completed
2025-02-20 05:58:11.963987996,Retail,Delivery,8,34.7,4.47,701.31,256.32,0,1,7,2,Completed
2025-02-20 08:52:58.659553184,Logistics,Supplier coordination,6,37.3,2.18,608.82,124.63,0,0,5,1,Completed
2025-02-20 11:47:45.355118373,Restaurant,Stock handling,6,33.7,1.18,533.73,53.0,0,1,4,3,Completed
2025-02-20 14:42:32.050683561,Restaurant,Booking,7,20.9,0.63,169.58,73.54,0,0,5,1,Completed
2025-02-20 17:37:18.746248749,Logistics,Delivery,9,39.5,1.83,724.25,92.71,0,0,8,2,Completed
2025-02-20 20:32:05.441813938,Service Business,Appointment,3,35.2,1.05,257.8,119.76,0,0,3,0,Completed
2025-02-20 23:26:52.137379126,Restaurant,Complaint handling,4,31.2,2.35,353.66,109.03,0,1,3,1,Completed
2025-02-21 02:21:38.832944315,Service Business,Delivery,10,42.4,2.56,1040.27,186.78,0,3,5,4,Completed
2025-02-21 05:16:25.528509503,Restaurant,Stock handling,10,35.8,0.41,829.98,36.69,0,2,6,1,Completed
2025-02-21 08:11:12.224074691,Restaurant,Customer enquiry,11,19.1,4.23,1052.74,150.49,0,1,9,2,Completed
2025-02-21 11:05:58.919639880,Clinic,Complaint handling,4,34.0,0.73,245.05,52.62,1,1,1,0,Delayed
2025-02-21 14:00:45.615205068,Restaurant,Supplier coordination,11,38.8,1.35,430.93,157.62,0,1,7,2,Completed
2025-02-21 16:55:32.310770257,Retail,Complaint handling,11,38.4,1.54,634.46,158.68,1,3,6,4,Delayed
2025-02-21 19:50:19.006335445,Logistics,Payment,10,8.6,0.86,616.63,63.35,0,1,7,0,Completed
2025-02-21 22:45:05.701900633,Logistics,Stock handling,7,21.0,0.56,403.94,108.91,0,0,4,2,Completed
2025-02-22 01:39:52.397465822,Service Business,Delivery,8,41.0,1.97,408.64,99.34,0,4,5,1,Completed
2025-02-22 04:34:39.093031010,Restaurant,Payment,8,10.0,4.32,455.47,183.73,0,0,7,0,Completed
2025-02-22 07:29:25.788596199,Retail,Complaint handling,5,31.3,1.55,341.54,77.79,0,1,3,1,Completed
2025-02-22 10:24:12.484161387,Service Business,Payment,8,9.6,0.59,444.43,163.39,0,0,6,1,Completed
2025-02-22 13:18:59.179726576,Clinic,Order processing,11,25.6,0.87,1479.29,60.2,0,0,7,5,Completed
2025-02-22 16:13:45.875291764,Service Business,Stock handling,13,26.9,1.57,613.67,70.17,0,3,6,4,Completed
2025-02-22 19:08:32.570856952,Service Business,Follow-up,5,24.5,1.52,438.39,70.86,0,2,1,1,Completed
2025-02-22 22:03:19.266422141,Restaurant,Customer enquiry,5,18.7,1.56,330.51,100.38,0,1,5,0,Completed
2025-02-23 00:58:05.961987329,Clinic,Complaint handling,6,35.2,1.05,538.86,56.89,0,0,4,1,Completed
2025-02-23 03:52:52.657552518,Service Business,Stock handling,3,25.1,2.94,218.02,171.75,0,0,1,0,Completed
2025-02-23 06:47:39.353117706,Retail,Follow-up,5,34.3,7.36,483.58,395.5,0,1,4,1,Completed
2025-02-23 09:42:26.048682894,Retail,Follow-up,9,27.5,2.05,622.88,136.32,1,3,7,1,Delayed
2025-02-23 12:37:12.744248083,Logistics,Appointment,5,23.6,2.01,399.6,151.38,0,0,3,0,Completed
2025-02-23 15:31:59.439813271,Clinic,Payment,8,12.7,2.29,235.47,140.03,0,1,7,0,Completed
2025-02-23 18:26:46.135378460,Clinic,Follow-up,9,29.0,3.0,429.8,161.39,0,0,5,0,Completed
2025-02-23 21:21:32.830943648,Logistics,Order processing,8,23.5,0.13,350.46,20.54,0,1,5,1,Completed
2025-02-24 00:16:19.526508836,Service Business,Stock handling,4,22.6,1.76,445.44,162.13,0,0,4,0,Completed
2025-02-24 03:11:06.222074025,Clinic,Booking,5,13.5,0.13,492.53,58.69,0,0,3,2,Completed
2025-02-24 06:05:52.917639213,Retail,Booking,8,21.8,3.74,658.3,243.28,0,0,7,5,Completed
2025-02-24 09:00:39.613204402,Retail,Complaint handling,6,43.4,0.73,606.0,69.84,0,2,2,2,Completed
2025-02-24 11:55:26.308769590,Restaurant,Supplier coordination,7,43.5,0.59,389.87,39.01,1,3,5,4,Delayed
2025-02-24 14:50:13.004334778,Clinic,Payment,7,14.4,4.4,775.08,219.34,1,1,4,2,Delayed
2025-02-24 17:44:59.699899967,Service Business,Supplier coordination,6,36.7,3.53,480.8,177.53,1,1,5,2,Delayed
2025-02-24 20:39:46.395465155,Logistics,Follow-up,10,29.3,0.97,727.57,72.72,0,2,7,0,Completed
2025-02-24 23:34:33.091030344,Logistics,Stock handling,5,22.3,0.97,501.63,59.43,0,1,2,0,Completed
2025-02-25 02:29:19.786595532,Service Business,Complaint handling,11,32.7,1.06,1089.17,82.74,0,3,9,0,Completed
2025-02-25 05:24:06.482160720,Restaurant,Delivery,12,39.4,1.13,561.28,56.53,0,2,8,2,Completed
2025-02-25 08:18:53.177725909,Logistics,Follow-up,7,25.6,3.94,678.72,250.24,0,1,4,0,Completed
2025-02-25 11:13:39.873291097,Clinic,Payment,10,13.9,0.71,741.97,48.62,0,0,7,0,Completed
2025-02-25 14:08:26.568856286,Restaurant,Booking,6,13.5,1.74,504.61,88.64,0,0,4,1,Completed
2025-02-25 17:03:13.264421474,Clinic,Appointment,5,22.0,4.78,344.69,273.39,0,0,3,1,Completed
2025-02-25 19:57:59.959986662,Retail,Stock handling,6,42.1,1.27,323.17,77.4,1,1,3,2,Delayed
2025-02-25 22:52:46.655551851,Restaurant,Customer enquiry,7,23.0,6.29,337.62,269.62,0,0,5,2,Completed
2025-02-26 01:47:33.351117039,Logistics,Supplier coordination,8,39.8,0.8,514.89,113.15,0,0,6,2,Completed
2025-02-26 04:42:20.046682228,Restaurant,Complaint handling,6,46.6,0.4,525.54,34.11,1,2,4,1,Delayed
2025-02-26 07:37:06.742247416,Restaurant,Supplier coordination,7,45.8,0.65,585.26,56.37,0,2,6,3,Completed
2025-02-26 10:31:53.437812604,Restaurant,Stock handling,8,23.6,1.86,659.75,89.38,0,0,4,4,Completed
2025-02-26 13:26:40.133377793,Restaurant,Supplier coordination,5,38.3,0.56,477.66,45.75,0,1,5,2,Completed
2025-02-26 16:21:26.828942981,Clinic,Stock handling,6,31.3,4.11,460.66,151.55,0,3,5,1,Completed
2025-02-26 19:16:13.524508170,Retail,Supplier coordination,5,41.6,1.31,598.45,100.52,1,1,2,1,Delayed
2025-02-26 22:11:00.220073358,Service Business,Order processing,9,20.3,1.69,776.69,92.95,0,0,7,0,Completed
2025-02-27 01:05:46.915638546,Restaurant,Delivery,5,37.9,0.09,281.44,10.0,1,1,4,2,Delayed
2025-02-27 04:00:33.611203735,Logistics,Follow-up,6,26.1,1.46,291.34,122.49,0,0,5,0,Completed
2025-02-27 06:55:20.306768923,Restaurant,Follow-up,6,25.0,1.63,511.9,84.39,0,0,3,2,Completed
2025-02-27 09:50:07.002334112,Logistics,Payment,8,12.1,0.48,586.2,51.57,0,0,6,2,Completed
2025-02-27 12:44:53.697899300,Clinic,Customer enquiry,12,18.3,2.13,630.88,194.28,0,0,6,3,Completed
2025-02-27 15:39:40.393464488,Logistics,Customer enquiry,10,29.0,1.95,745.33,101.97,1,1,8,3,Delayed
2025-02-27 18:34:27.089029677,Service Business,Payment,9,19.2,1.05,592.91,60.63,0,0,8,3,Completed
2025-02-27 21:29:13.784594865,Retail,Appointment,3,20.8,0.56,204.71,106.22,0,0,3,1,Completed
2025-02-28 00:24:00.480160054,Logistics,Follow-up,4,23.0,4.67,431.45,218.64,0,0,3,0,Completed
2025-02-28 03:18:47.175725242,Logistics,Appointment,5,18.1,1.66,468.97,176.21,0,0,4,0,Completed
2025-02-28 06:13:33.871290430,Retail,Stock handling,10,25.7,1.56,1010.49,86.04,0,0,7,1,Completed
2025-02-28 09:08:20.566855619,Service Business,Stock handling,11,21.8,1.99,1273.51,130.34,0,1,3,3,Completed
2025-02-28 12:03:07.262420807,Restaurant,Booking,7,13.6,1.21,565.25,102.38,0,0,4,1,Completed
2025-02-28 14:57:53.957985996,Logistics,Supplier coordination,9,44.3,2.23,751.98,135.82,1,2,3,4,Delayed
2025-02-28 17:52:40.653551184,Retail,Customer enquiry,6,20.9,1.55,511.11,74.72,0,0,3,2,Completed
2025-02-28 20:47:27.349116372,Clinic,Booking,6,12.3,0.87,614.47,61.15,0,0,5,1,Completed
2025-02-28 23:42:14.044681561,Retail,Delivery,5,37.4,8.2,505.96,360.28,0,2,4,2,Completed
2025-03-01 02:37:00.740246749,Clinic,Payment,15,12.4,1.14,976.35,64.31,0,0,10,0,Completed
2025-03-01 05:31:47.435811937,Service Business,Payment,11,20.8,0.74,581.27,48.98,0,0,7,4,Completed
2025-03-01 08:26:34.131377126,Restaurant,Stock handling,4,28.4,0.89,217.38,53.16,0,1,3,2,Completed
2025-03-01 11:21:20.826942314,Retail,Follow-up,10,25.1,1.14,791.38,54.54,0,0,4,4,Completed
2025-03-01 14:16:07.522507503,Logistics,Appointment,12,21.3,1.03,610.54,103.99,0,0,8,3,Completed
2025-03-01 17:10:54.218072691,Service Business,Customer enquiry,8,19.1,1.93,687.98,106.67,0,1,4,1,Completed
2025-03-01 20:05:40.913637879,Retail,Booking,6,17.0,1.77,187.22,145.9,0,0,6,0,Completed
2025-03-01 23:00:27.609203068,Logistics,Appointment,4,19.1,4.31,476.59,189.85,0,0,4,0,Completed
2025-03-02 01:55:14.304768256,Retail,Booking,10,19.3,1.59,478.26,71.45,0,0,7,2,Completed
2025-03-02 04:50:01.000333445,Clinic,Supplier coordination,3,39.2,0.85,190.95,40.03,0,0,3,1,Completed
2025-03-02 07:44:47.695898633,Retail,Delivery,4,46.0,3.43,261.17,150.3,0,1,1,2,Completed
2025-03-02 10:39:34.391463821,Retail,Delivery,5,39.9,0.6,551.03,42.13,0,0,3,1,Completed
2025-03-02 13:34:21.087029010,Retail,Appointment,6,21.4,0.62,467.04,54.82,0,1,4,0,Completed
2025-03-02 16:29:07.782594198,Service Business,Appointment,12,27.2,1.33,654.54,92.05,0,1,5,0,Completed
2025-03-02 19:23:54.478159387,Retail,Appointment,5,17.6,1.2,382.07,63.21,0,0,4,0,Completed
2025-03-02 22:18:41.173724575,Logistics,Booking,8,22.7,0.19,631.88,54.51,0,0,5,0,Completed
2025-03-03 01:13:27.869289763,Clinic,Supplier coordination,8,47.1,3.64,692.08,175.66,1,3,7,4,Delayed
2025-03-03 04:08:14.564854952,Clinic,Order processing,13,28.1,0.28,700.91,59.84,0,0,9,2,Completed
2025-03-03 07:03:01.260420140,Retail,Appointment,6,18.6,0.28,584.76,25.46,0,0,6,0,Completed
2025-03-03 09:57:47.955985329,Service Business,Follow-up,8,32.7,0.52,646.88,77.75,0,2,5,3,Completed
2025-03-03 12:52:34.651550517,Service Business,Customer enquiry,6,26.4,0.5,661.62,50.2,0,2,4,3,Completed
2025-03-03 15:47:21.347115705,Logistics,Customer enquiry,6,19.3,2.17,445.1,241.21,0,0,5,0,Completed
2025-03-03 18:42:08.042680894,Retail,Booking,4,16.9,1.19,305.36,78.42,0,0,3,2,Completed
2025-03-03 21:36:54.738246082,Clinic,Appointment,5,18.8,0.52,371.77,33.77,0,0,3,2,Completed
2025-03-04 00:31:41.433811271,Service Business,Stock handling,10,28.3,3.2,1055.37,163.36,1,3,7,3,Delayed
2025-03-04 03:26:28.129376459,Retail,Payment,8,10.0,3.64,744.53,122.34,0,0,7,0,Completed
2025-03-04 06:21:14.824941647,Service Business,Order processing,8,28.5,0.99,495.32,75.39,1,0,5,1,Delayed
2025-03-04 09:16:01.520506836,Service Business,Follow-up,9,31.0,2.23,1231.73,176.65,0,1,6,3,Completed
2025-03-04 12:10:48.216072024,Clinic,Supplier coordination,10,39.1,0.14,638.88,45.87,0,2,7,3,Completed
2025-03-04 15:05:34.911637213,Restaurant,Stock handling,7,31.5,3.5,465.13,137.35,0,1,4,2,Completed
2025-03-04 18:00:21.607202401,Logistics,Delivery,6,38.0,2.75,595.22,155.33,0,1,2,3,Completed
2025-03-04 20:55:08.302767589,Logistics,Stock handling,8,27.1,0.4,595.74,44.79,0,1,5,1,Completed
2025-03-04 23:49:54.998332778,Clinic,Booking,3,15.8,4.11,162.84,206.96,0,0,2,0,Completed
2025-03-05 02:44:41.693897966,Service Business,Order processing,8,24.0,2.38,840.89,106.98,0,1,4,2,Completed
2025-03-05 05:39:28.389463155,Retail,Complaint handling,8,32.1,0.24,976.43,23.58,0,0,3,1,Completed
2025-03-05 08:34:15.085028343,Service Business,Complaint handling,5,36.3,0.8,277.24,32.12,0,1,1,1,Completed
2025-03-05 11:29:01.780593531,Clinic,Appointment,5,26.0,1.6,524.69,115.2,0,0,2,1,Completed
2025-03-05 14:23:48.476158720,Logistics,Appointment,5,25.4,0.92,335.64,51.69,0,0,2,2,Completed
2025-03-05 17:18:35.171723908,Service Business,Booking,6,11.7,1.69,193.18,183.16,0,0,4,1,Completed
2025-03-05 20:13:21.867289097,Logistics,Supplier coordination,4,41.0,2.77,369.36,143.24,0,1,2,1,Completed
2025-03-05 23:08:08.562854285,Retail,Appointment,3,18.4,2.32,110.48,96.3,0,0,2,0,Completed
2025-03-06 02:02:55.258419473,Logistics,Payment,11,14.5,2.35,681.3,145.65,0,0,10,1,Completed
2025-03-06 04:57:41.953984662,Logistics,Order processing,5,19.8,4.32,359.75,260.61,0,0,5,1,Completed
2025-03-06 07:52:28.649549850,Restaurant,Booking,6,10.8,0.97,463.66,46.28,1,0,4,2,Delayed
2025-03-06 10:47:15.345115039,Restaurant,Customer enquiry,7,16.0,0.25,714.35,23.11,0,0,5,0,Completed
2025-03-06 13:42:02.040680227,Restaurant,Delivery,7,46.2,2.12,451.54,119.34,0,2,3,1,Completed
2025-03-06 16:36:48.736245415,Logistics,Booking,10,16.1,4.13,1087.07,287.11,0,0,8,3,Completed
2025-03-06 19:31:35.431810604,Clinic,Booking,5,12.8,2.11,379.93,115.59,0,0,2,0,Completed
2025-03-06 22:26:22.127375792,Logistics,Complaint handling,4,36.9,0.6,216.41,63.55,0,0,4,1,Completed
2025-03-07 01:21:08.822940981,Clinic,Follow-up,8,29.8,2.03,728.59,239.6,0,1,7,2,Completed
2025-03-07 04:15:55.518506169,Clinic,Supplier coordination,9,50.4,1.56,1058.43,94.48,0,2,6,3,Completed
2025-03-07 07:10:42.214071357,Restaurant,Follow-up,8,29.9,1.88,542.94,137.04,0,1,4,1,Completed
2025-03-07 10:05:28.909636546,Service Business,Payment,6,12.2,0.7,330.18,50.08,0,0,6,0,Completed
2025-03-07 13:00:15.605201734,Retail,Customer enquiry,6,22.7,1.01,391.89,70.17,0,0,5,0,Completed
2025-03-07 15:55:02.300766922,Restaurant,Complaint handling,7,30.7,1.66,278.58,153.99,0,1,2,1,Completed
2025-03-07 18:49:48.996332111,Restaurant,Customer enquiry,8,17.5,3.15,677.82,165.41,1,0,8,2,Delayed
2025-03-07 21:44:35.691897299,Service Business,Payment,5,11.4,1.3,219.25,111.81,0,0,4,1,Completed
2025-03-08 00:39:22.387462488,Retail,Follow-up,7,25.2,2.94,644.8,102.0,0,1,5,2,Completed
2025-03-08 03:34:09.083027676,Logistics,Booking,10,13.1,0.85,721.4,129.34,0,1,4,1,Completed
2025-03-08 06:28:55.778592864,Logistics,Appointment,7,20.1,6.76,652.85,269.82,0,0,4,1,Completed
2025-03-08 09:23:42.474158053,Restaurant,Appointment,5,22.7,0.88,361.09,43.87,1,0,3,3,Delayed
2025-03-08 12:18:29.169723241,Retail,Stock handling,10,21.0,1.0,886.85,82.31,0,0,7,3,Completed
2025-03-08 15:13:15.865288430,Restaurant,Delivery,4,38.2,2.14,225.09,106.29,0,2,1,0,Completed
2025-03-08 18:08:02.560853618,Clinic,Supplier coordination,5,42.5,2.01,420.69,168.94,0,1,4,1,Completed
2025-03-08 21:02:49.256418806,Restaurant,Payment,6,18.6,3.16,381.34,161.17,0,0,4,1,Completed
2025-03-08 23:57:35.951983995,Restaurant,Delivery,9,34.8,2.12,822.7,120.82,0,0,6,3,Completed
2025-03-09 02:52:22.647549183,Logistics,Supplier coordination,4,45.0,1.08,299.33,65.85,0,2,1,1,Completed
2025-03-09 05:47:09.343114372,Logistics,Delivery,9,36.0,3.07,920.25,145.77,0,2,5,1,Completed
2025-03-09 08:41:56.038679560,Logistics,Follow-up,6,25.1,0.81,434.75,87.05,0,0,4,1,Completed
2025-03-09 11:36:42.734244748,Clinic,Supplier coordination,5,39.5,1.96,307.66,162.09,0,1,3,2,Completed
2025-03-09 14:31:29.429809937,Logistics,Follow-up,6,27.1,0.35,485.89,29.83,0,1,2,2,Completed
2025-03-09 17:26:16.125375125,Retail,Booking,7,12.1,4.99,907.06,319.76,0,0,4,0,Completed
2025-03-09 20:21:02.820940314,Service Business,Complaint handling,4,42.6,2.75,406.81,136.28,0,2,2,1,Completed
2025-03-09 23:15:49.516505502,Retail,Follow-up,9,28.6,2.13,543.33,110.04,0,0,4,2,Completed
2025-03-10 02:10:36.212070690,Retail,Appointment,3,27.2,1.16,233.77,107.64,0,1,2,1,Completed
2025-03-10 05:05:22.907635879,Logistics,Delivery,4,39.8,1.31,253.42,131.34,0,4,2,1,Completed
2025-03-10 08:00:09.603201067,Service Business,Stock handling,10,40.4,0.3,588.44,31.44,0,0,9,3,Completed
2025-03-10 10:54:56.298766256,Service Business,Order processing,5,32.1,2.66,391.59,108.34,0,0,3,2,Completed
2025-03-10 13:49:42.994331444,Service Business,Supplier coordination,5,39.9,0.76,361.58,60.08,0,1,4,1,Completed
2025-03-10 16:44:29.689896632,Clinic,Payment,8,11.1,5.16,440.78,276.38,0,0,6,1,Completed
2025-03-10 19:39:16.385461821,Logistics,Stock handling,6,28.6,0.52,381.07,31.23,0,1,5,1,Completed
2025-03-10 22:34:03.081027009,Service Business,Appointment,8,23.2,0.97,633.47,107.75,0,1,5,3,Completed
2025-03-11 01:28:49.776592198,Clinic,Follow-up,10,27.6,1.23,652.8,174.46,1,3,4,3,Delayed
2025-03-11 04:23:36.472157386,Restaurant,Complaint handling,7,45.9,1.78,543.64,87.28,0,6,1,1,Completed
2025-03-11 07:18:23.167722574,Restaurant,Booking,3,25.0,1.63,187.9,99.5,0,1,2,1,Completed
2025-03-11 10:13:09.863287763,Clinic,Order processing,2,25.3,2.52,176.6,179.6,0,0,2,1,Completed
2025-03-11 13:07:56.558852951,Clinic,Customer enquiry,5,26.8,3.69,314.45,238.82,0,0,3,0,Completed
2025-03-11 16:02:43.254418140,Logistics,Stock handling,2,24.2,0.71,183.9,69.54,0,0,1,0,Completed
2025-03-11 18:57:29.949983328,Logistics,Complaint handling,4,36.6,0.27,286.26,51.83,1,1,4,0,Delayed
2025-03-11 21:52:16.645548516,Restaurant,Customer enquiry,6,18.3,4.17,184.76,189.53,0,0,6,0,Completed
2025-03-12 00:47:03.341113705,Service Business,Order processing,12,22.9,2.46,866.31,127.5,0,2,10,1,Completed
2025-03-12 03:41:50.036678893,Restaurant,Payment,4,9.8,0.83,356.45,66.5,0,0,2,2,Completed
2025-03-12 06:36:36.732244082,Service Business,Payment,7,16.7,0.28,460.88,37.61,0,0,5,0,Completed
2025-03-12 09:31:23.427809270,Service Business,Delivery,7,34.6,1.55,515.79,87.0,0,2,5,1,Completed
2025-03-12 12:26:10.123374458,Logistics,Order processing,9,28.4,2.74,825.65,203.34,0,1,5,3,Completed
2025-03-12 15:20:56.818939647,Retail,Order processing,8,24.2,0.59,891.5,51.3,0,0,6,2,Completed
2025-03-12 18:15:43.514504835,Retail,Customer enquiry,9,36.5,1.93,930.43,109.88,0,1,5,3,Completed
2025-03-12 21:10:30.210070024,Clinic,Complaint handling,4,37.9,1.17,321.58,91.07,0,0,1,1,Completed
2025-03-13 00:05:16.905635212,Logistics,Supplier coordination,5,43.5,1.03,451.57,73.65,0,1,3,0,Completed
2025-03-13 03:00:03.601200400,Service Business,Customer enquiry,12,20.4,3.01,959.79,245.21,0,1,7,3,Completed
2025-03-13 05:54:50.296765589,Retail,Booking,5,10.8,0.36,224.76,38.59,0,0,3,1,Completed
2025-03-13 08:49:36.992330777,Service Business,Payment,9,8.1,2.34,952.71,135.28,0,0,6,1,Completed
2025-03-13 11:44:23.687895966,Retail,Payment,7,12.1,1.82,748.67,124.93,1,0,4,2,Delayed
2025-03-13 14:39:10.383461154,Retail,Delivery,9,39.7,1.89,370.11,113.49,0,1,4,2,Completed
2025-03-13 17:33:57.079026342,Retail,Booking,5,22.2,1.33,347.92,129.71,0,0,3,0,Completed
2025-03-13 20:28:43.774591531,Logistics,Payment,4,11.5,1.05,447.04,90.21,0,0,4,0,Completed
2025-03-13 23:23:30.470156719,Restaurant,Customer enquiry,8,69.1,0.91,662.58,115.19,1,2,2,3,Delayed
2025-03-14 02:18:17.165721908,Service Business,Booking,5,12.6,3.45,280.07,170.99,0,0,3,0,Completed
2025-03-14 05:13:03.861287096,Logistics,Customer enquiry,7,17.5,1.36,733.6,78.1,0,0,3,1,Completed
2025-03-14 08:07:50.556852284,Logistics,Supplier coordination,14,41.6,1.12,1127.75,73.11,0,2,9,5,Completed
2025-03-14 11:02:37.252417473,Logistics,Supplier coordination,8,41.5,2.09,852.01,122.55,1,1,5,3,Delayed
2025-03-14 13:57:23.947982661,Logistics,Payment,9,9.8,4.13,718.9,128.91,0,0,7,0,Completed
2025-03-14 16:52:10.643547849,Logistics,Payment,8,15.8,2.05,244.75,116.84,0,0,6,2,Completed
2025-03-14 19:46:57.339113038,Clinic,Complaint handling,13,35.3,1.72,1530.78,91.92,0,2,8,4,Completed
2025-03-14 22:41:44.034678226,Service Business,Supplier coordination,6,44.6,1.5,321.82,85.63,0,1,2,2,Completed
2025-03-15 01:36:30.730243415,Logistics,Stock handling,7,21.2,2.68,478.68,156.01,0,1,4,2,Completed
2025-03-15 04:31:17.425808603,Service Business,Stock handling,7,27.5,1.2,730.96,105.8,0,2,5,1,Completed
2025-03-15 07:26:04.121373791,Clinic,Delivery,4,32.8,2.87,512.7,148.35,0,0,3,1,Completed
2025-03-15 10:20:50.816938980,Clinic,Supplier coordination,5,40.8,3.13,382.76,182.98,0,2,3,1,Completed
2025-03-15 13:15:37.512504168,Service Business,Customer enquiry,15,20.5,0.23,1288.04,31.88,0,1,10,4,Completed
2025-03-15 16:10:24.208069357,Retail,Customer enquiry,5,22.8,2.87,259.58,109.73,0,1,4,1,Completed
2025-03-15 19:05:10.903634545,Restaurant,Appointment,7,20.2,3.19,503.37,189.25,0,0,5,2,Completed
2025-03-15 21:59:57.599199733,Retail,Booking,10,13.4,1.26,1021.5,114.88,0,0,9,2,Completed
2025-03-16 00:54:44.294764922,Retail,Follow-up,15,24.3,0.35,1271.61,36.91,0,1,7,3,Completed
2025-03-16 03:49:30.990330110,Retail,Stock handling,9,21.1,1.58,1045.51,99.61,0,0,5,3,Completed
2025-03-16 06:44:17.685895299,Logistics,Payment,9,13.9,1.69,425.5,122.42,0,0,5,1,Completed
2025-03-16 09:39:04.381460487,Clinic,Delivery,6,32.5,1.1,278.17,58.23,0,1,4,1,Completed
2025-03-16 12:33:51.077025675,Retail,Follow-up,4,28.8,0.61,251.75,59.46,0,0,3,0,Completed
2025-03-16 15:28:37.772590864,Clinic,Order processing,10,20.7,0.95,639.99,173.14,0,0,5,3,Completed
2025-03-16 18:23:24.468156052,Service Business,Delivery,7,33.0,2.73,693.34,155.47,0,0,5,4,Completed
2025-03-16 21:18:11.163721241,Restaurant,Order processing,5,21.8,1.42,344.81,103.81,0,1,3,1,Completed
2025-03-17 00:12:57.859286429,Service Business,Supplier coordination,7,38.7,0.68,364.61,104.56,1,3,4,2,Delayed
2025-03-17 03:07:44.554851617,Service Business,Order processing,8,20.2,3.54,693.94,161.82,0,0,6,2,Completed
2025-03-17 06:02:31.250416806,Logistics,Order processing,5,23.2,2.81,305.44,110.92,0,0,2,1,Completed
2025-03-17 08:57:17.945981994,Restaurant,Complaint handling,3,35.3,1.74,161.82,203.88,0,2,2,2,Completed
2025-03-17 11:52:04.641547183,Service Business,Complaint handling,7,31.1,0.41,709.26,31.67,0,1,4,3,Completed
2025-03-17 14:46:51.337112371,Service Business,Complaint handling,8,31.5,3.64,851.74,201.35,0,0,7,2,Completed
2025-03-17 17:41:38.032677559,Restaurant,Supplier coordination,5,40.1,4.99,497.68,176.9,0,0,4,2,Completed
2025-03-17 20:36:24.728242748,Restaurant,Follow-up,13,30.0,2.67,775.36,175.89,0,2,6,2,Completed
2025-03-17 23:31:11.423807936,Service Business,Delivery,7,42.2,2.37,455.24,94.64,0,0,6,2,Completed
2025-03-18 02:25:58.119373125,Restaurant,Delivery,9,54.5,2.68,809.69,112.56,0,3,3,1,Completed
2025-03-18 05:20:44.814938313,Service Business,Payment,9,7.2,5.15,848.94,179.7,0,0,5,2,Completed
2025-03-18 08:15:31.510503501,Service Business,Complaint handling,11,32.9,2.75,802.4,85.46,0,2,7,6,Completed
2025-03-18 11:10:18.206068690,Logistics,Supplier coordination,6,47.3,0.99,627.07,78.28,0,1,5,2,Completed
2025-03-18 14:05:04.901633878,Retail,Payment,9,22.0,1.29,296.98,84.22,0,2,7,2,Completed
2025-03-18 16:59:51.597199067,Service Business,Booking,9,24.4,1.45,588.6,104.23,0,0,7,1,Completed
2025-03-18 19:54:38.292764255,Clinic,Payment,5,23.8,1.8,633.7,96.75,0,0,4,1,Completed
2025-03-18 22:49:24.988329443,Retail,Follow-up,2,40.8,3.21,155.38,141.43,1,0,2,0,Delayed
2025-03-19 01:44:11.683894632,Retail,Stock handling,7,26.9,1.11,472.44,108.8,0,0,4,2,Completed
2025-03-19 04:38:58.379459820,Retail,Order processing,10,34.9,0.8,884.34,108.43,0,2,3,2,Completed
2025-03-19 07:33:45.075025009,Logistics,Complaint handling,8,30.4,3.42,455.69,201.64,0,0,6,1,Completed
2025-03-19 10:28:31.770590197,Service Business,Stock handling,7,25.8,1.5,186.98,91.63,0,1,7,3,Completed
2025-03-19 13:23:18.466155385,Logistics,Payment,7,12.5,0.22,1008.4,25.02,0,0,3,2,Completed
2025-03-19 16:18:05.161720574,Service Business,Supplier coordination,4,39.3,2.3,236.42,121.65,0,1,3,2,Completed
2025-03-19 19:12:51.857285762,Logistics,Order processing,11,20.5,0.54,911.82,54.85,0,0,11,3,Completed
2025-03-19 22:07:38.552850951,Logistics,Delivery,7,45.6,2.14,572.75,117.36,0,4,5,3,Completed
2025-03-20 01:02:25.248416139,Clinic,Customer enquiry,11,18.2,1.07,977.84,101.28,0,0,9,3,Completed
2025-03-20 03:57:11.943981327,Logistics,Order processing,7,24.6,0.39,423.78,34.36,0,1,4,0,Completed
2025-03-20 06:51:58.639546516,Restaurant,Follow-up,3,24.5,1.42,63.63,95.76,0,0,3,1,Completed
2025-03-20 09:46:45.335111704,Clinic,Follow-up,8,31.0,2.52,508.65,123.95,0,1,5,4,Completed
2025-03-20 12:41:32.030676893,Logistics,Payment,7,21.0,2.95,550.71,104.56,0,0,5,2,Completed
2025-03-20 15:36:18.726242081,Retail,Booking,7,17.4,0.38,561.8,24.31,1,4,3,2,Delayed
2025-03-20 18:31:05.421807269,Restaurant,Follow-up,6,25.0,0.81,674.32,125.64,0,1,4,0,Completed
2025-03-20 21:25:52.117372458,Restaurant,Follow-up,5,36.5,2.62,358.75,126.6,1,3,4,3,Delayed
2025-03-21 00:20:38.812937646,Restaurant,Supplier coordination,8,36.0,1.05,660.65,82.47,0,1,5,2,Completed
2025-03-21 03:15:25.508502835,Clinic,Payment,7,17.4,0.73,423.97,55.48,0,0,3,1,Completed
2025-03-21 06:10:12.204068023,Logistics,Order processing,3,20.9,2.35,194.53,124.57,0,0,3,1,Completed
2025-03-21 09:04:58.899633211,Logistics,Booking,4,25.6,0.82,488.31,146.08,0,0,3,2,Completed
2025-03-21 11:59:45.595198400,Retail,Stock handling,9,42.3,0.4,560.59,38.13,1,0,5,2,Delayed
2025-03-21 14:54:32.290763588,Retail,Customer enquiry,8,15.8,1.22,557.38,95.98,1,1,4,0,Delayed
2025-03-21 17:49:18.986328776,Restaurant,Complaint handling,6,33.0,1.51,611.32,95.04,0,1,5,1,Completed
2025-03-21 20:44:05.681893965,Retail,Delivery,2,41.6,0.81,239.86,45.22,0,0,1,0,Completed
2025-03-21 23:38:52.377459153,Clinic,Follow-up,4,26.3,0.23,383.31,44.97,1,0,4,1,Delayed
2025-03-22 02:33:39.073024342,Logistics,Payment,3,8.4,1.56,287.69,72.65,0,0,2,0,Completed
2025-03-22 05:28:25.768589530,Restaurant,Complaint handling,9,45.5,2.96,454.08,155.35,0,2,4,1,Completed
2025-03-22 08:23:12.464154718,Retail,Delivery,7,36.5,1.29,625.27,80.1,0,3,3,3,Completed
2025-03-22 11:17:59.159719907,Clinic,Delivery,3,40.4,0.48,213.71,44.2,0,0,3,0,Completed
2025-03-22 14:12:45.855285095,Clinic,Stock handling,5,23.6,1.13,442.01,104.56,0,1,3,2,Completed
2025-03-22 17:07:32.550850284,Retail,Stock handling,11,27.7,2.57,790.42,179.45,0,3,6,4,Completed
2025-03-22 20:02:19.246415472,Logistics,Stock handling,14,27.6,0.58,916.08,37.91,0,4,8,1,Completed
2025-03-22 22:57:05.941980660,Retail,Appointment,7,24.0,1.45,321.42,68.96,0,0,7,0,Completed
2025-03-23 01:51:52.637545849,Restaurant,Appointment,6,19.3,1.8,456.98,94.02,0,0,2,1,Completed
2025-03-23 04:46:39.333111037,Retail,Delivery,7,34.7,1.25,572.47,81.96,0,0,5,0,Completed
2025-03-23 07:41:26.028676226,Clinic,Stock handling,13,23.8,0.61,416.85,40.49,0,2,10,3,Completed
2025-03-23 10:36:12.724241414,Retail,Supplier coordination,5,60.4,0.61,322.53,65.34,1,3,3,1,Delayed
2025-03-23 13:30:59.419806602,Logistics,Follow-up,7,33.0,1.84,505.27,153.52,1,1,7,2,Delayed
2025-03-23 16:25:46.115371791,Service Business,Complaint handling,6,35.0,0.5,543.67,31.91,0,0,6,1,Completed
2025-03-23 19:20:32.810936979,Retail,Complaint handling,7,30.2,0.38,455.14,25.66,0,1,6,2,Completed
2025-03-23 22:15:19.506502168,Logistics,Appointment,11,24.3,2.3,1010.12,109.18,0,0,8,2,Completed
2025-03-24 01:10:06.202067356,Logistics,Delivery,6,53.0,2.67,505.03,108.96,0,2,5,1,Completed
2025-03-24 04:04:52.897632544,Clinic,Payment,7,14.8,1.13,679.87,54.43,0,0,5,2,Completed
2025-03-24 06:59:39.593197733,Logistics,Order processing,7,27.8,4.03,464.39,160.11,0,1,5,1,Completed
2025-03-24 09:54:26.288762921,Logistics,Order processing,8,21.0,0.96,574.3,123.72,0,1,6,0,Completed
2025-03-24 12:49:12.984328110,Logistics,Appointment,3,22.0,1.69,271.64,65.13,0,0,2,0,Completed
2025-03-24 15:43:59.679893298,Logistics,Payment,11,27.4,3.02,611.01,170.3,0,0,6,4,Completed
2025-03-24 18:38:46.375458486,Restaurant,Appointment,7,20.4,1.11,535.74,54.77,0,0,6,1,Completed
2025-03-24 21:33:33.071023675,Restaurant,Order processing,9,33.1,3.5,898.04,209.75,1,4,4,3,Delayed
2025-03-25 00:28:19.766588863,Clinic,Payment,5,9.8,3.09,316.66,154.83,0,0,2,0,Completed
2025-03-25 03:23:06.462154052,Retail,Stock handling,6,28.7,2.69,511.3,121.61,0,0,4,0,Completed
2025-03-25 06:17:53.157719240,Logistics,Delivery,6,37.7,0.62,467.77,86.38,0,0,4,3,Completed
2025-03-25 09:12:39.853284428,Retail,Complaint handling,6,42.7,3.12,661.83,178.38,0,2,3,3,Completed
2025-03-25 12:07:26.548849617,Retail,Supplier coordination,8,51.9,2.59,638.39,214.59,1,2,5,2,Delayed
2025-03-25 15:02:13.244414805,Clinic,Booking,8,16.9,1.34,717.94,110.89,0,0,7,0,Completed
2025-03-25 17:56:59.939979994,Logistics,Delivery,3,40.3,0.71,222.98,74.71,0,0,2,0,Completed
2025-03-25 20:51:46.635545182,Logistics,Stock handling,7,44.5,2.71,466.24,168.64,1,2,4,6,Delayed
2025-03-25 23:46:33.331110370,Service Business,Order processing,7,31.6,3.11,580.9,81.98,0,1,3,1,Completed
2025-03-26 02:41:20.026675559,Retail,Stock handling,9,23.2,1.28,589.63,72.09,0,0,8,4,Completed
2025-03-26 05:36:06.722240747,Retail,Appointment,13,20.4,2.23,1309.72,124.27,0,0,9,2,Completed
2025-03-26 08:30:53.417805936,Restaurant,Payment,4,12.6,2.46,415.48,160.06,0,0,3,0,Completed
2025-03-26 11:25:40.113371124,Service Business,Complaint handling,6,39.3,0.5,477.5,116.8,1,2,3,2,Delayed
2025-03-26 14:20:26.808936312,Restaurant,Follow-up,9,34.2,3.09,614.62,103.7,0,1,8,2,Completed
2025-03-26 17:15:13.504501501,Restaurant,Appointment,7,27.7,3.46,581.06,120.5,0,0,6,0,Completed
2025-03-26 20:10:00.200066689,Restaurant,Delivery,8,33.1,0.6,399.71,54.28,0,2,6,0,Completed
2025-03-26 23:04:46.895631878,Clinic,Appointment,6,30.9,0.76,368.07,85.84,0,0,4,1,Completed
2025-03-27 01:59:33.591197066,Clinic,Delivery,9,36.3,1.74,485.94,80.03,0,2,5,2,Completed
2025-03-27 04:54:20.286762254,Restaurant,Follow-up,7,25.0,3.37,431.72,201.6,0,1,6,1,Completed
2025-03-27 07:49:06.982327443,Service Business,Customer enquiry,7,24.1,3.65,451.55,199.86,0,1,3,3,Completed
2025-03-27 10:43:53.677892631,Retail,Complaint handling,5,46.3,0.55,248.56,59.13,1,3,3,2,Delayed
2025-03-27 13:38:40.373457820,Service Business,Supplier coordination,7,49.1,1.96,505.01,120.2,0,2,5,1,Completed
2025-03-27 16:33:27.069023008,Logistics,Supplier coordination,7,43.8,0.77,516.24,65.39,0,2,5,2,Completed
2025-03-27 19:28:13.764588196,Clinic,Booking,7,19.9,0.42,634.21,35.83,0,0,6,2,Completed
2025-03-27 22:23:00.460153385,Retail,Stock handling,12,22.4,2.08,963.87,96.21,0,2,7,2,Completed
2025-03-28 01:17:47.155718573,Retail,Customer enquiry,1,14.4,1.83,109.07,163.98,0,0,1,0,Completed
2025-03-28 04:12:33.851283762,Logistics,Supplier coordination,6,57.8,2.48,545.73,138.82,0,3,2,1,Completed
2025-03-28 07:07:20.546848950,Logistics,Appointment,4,21.7,3.28,518.09,179.73,0,0,3,1,Completed
2025-03-28 10:02:07.242414138,Restaurant,Stock handling,4,24.3,4.4,210.8,253.96,0,0,3,0,Completed
2025-03-28 12:56:53.937979327,Clinic,Customer enquiry,9,14.9,3.09,899.49,201.86,0,0,9,1,Completed
2025-03-28 15:51:40.633544515,Clinic,Payment,11,18.4,1.69,478.46,124.42,1,2,8,1,Delayed
2025-03-28 18:46:27.329109703,Service Business,Payment,9,18.0,2.06,911.86,109.97,0,1,7,2,Completed
2025-03-28 21:41:14.024674892,Restaurant,Stock handling,8,28.7,1.03,691.49,51.09,0,0,6,3,Completed
2025-03-29 00:36:00.720240080,Restaurant,Delivery,3,43.6,5.14,219.08,255.06,0,2,2,0,Completed
2025-03-29 03:30:47.415805269,Restaurant,Delivery,5,41.3,1.97,413.14,145.28,0,2,3,0,Completed
2025-03-29 06:25:34.111370457,Restaurant,Appointment,7,20.4,2.7,470.4,132.34,0,0,6,1,Completed
2025-03-29 09:20:20.806935645,Clinic,Customer enquiry,10,13.6,1.16,651.19,67.57,0,0,7,1,Completed
2025-03-29 12:15:07.502500834,Clinic,Customer enquiry,4,27.4,3.34,350.5,214.04,0,1,2,1,Completed
2025-03-29 15:09:54.198066022,Restaurant,Stock handling,4,31.3,2.62,169.45,141.75,0,1,3,1,Completed
2025-03-29 18:04:40.893631211,Service Business,Order processing,5,30.0,2.4,426.24,178.13,0,0,4,1,Completed
2025-03-29 20:59:27.589196399,Retail,Payment,8,19.7,1.59,601.91,82.89,0,1,6,3,Completed
2025-03-29 23:54:14.284761587,Retail,Customer enquiry,10,20.9,0.92,708.09,93.7,0,1,8,1,Completed
2025-03-30 02:49:00.980326776,Service Business,Stock handling,10,26.3,3.4,671.73,211.39,0,0,6,2,Completed
2025-03-30 05:43:47.675891964,Restaurant,Follow-up,10,37.5,2.47,831.97,122.73,0,0,8,2,Completed
2025-03-30 08:38:34.371457153,Clinic,Booking,5,15.5,0.38,503.5,25.86,0,0,4,0,Completed
2025-03-30 11:33:21.067022341,Retail,Follow-up,7,29.6,4.43,889.15,226.29,0,0,6,2,Completed
2025-03-30 14:28:07.762587529,Logistics,Complaint handling,9,33.0,2.26,923.79,80.96,0,1,8,1,Completed
2025-03-30 17:22:54.458152718,Logistics,Appointment,6,27.9,2.02,577.75,178.02,0,0,4,1,Completed
2025-03-30 20:17:41.153717906,Service Business,Customer enquiry,14,18.0,1.34,849.34,81.44,0,1,9,1,Completed
2025-03-30 23:12:27.849283095,Restaurant,Complaint handling,6,37.9,0.67,389.24,63.57,0,3,4,2,Completed
2025-03-31 02:07:14.544848283,Retail,Supplier coordination,10,41.8,2.33,779.0,76.73,0,1,5,6,Completed
2025-03-31 05:02:01.240413471,Restaurant,Complaint handling,10,30.0,4.68,877.67,231.88,0,3,4,2,Completed
2025-03-31 07:56:47.935978660,Retail,Stock handling,8,32.9,1.61,544.33,82.93,0,1,4,4,Completed
2025-03-31 10:51:34.631543848,Service Business,Customer enquiry,10,22.4,2.86,1040.83,112.86,0,1,4,2,Completed
2025-03-31 13:46:21.327109037,Service Business,Booking,5,14.6,0.69,316.1,124.52,0,0,4,1,Completed
2025-03-31 16:41:08.022674225,Logistics,Stock handling,9,28.7,3.48,452.63,168.29,0,1,4,1,Completed
2025-03-31 19:35:54.718239413,Restaurant,Stock handling,7,33.2,0.95,705.6,43.78,0,1,5,1,Completed
2025-03-31 22:30:41.413804602,Logistics,Appointment,9,34.8,2.25,748.76,89.68,1,5,6,3,Delayed
2025-04-01 01:25:28.109369790,Restaurant,Appointment,5,23.1,4.55,358.43,260.95,0,0,3,3,Completed
2025-04-01 04:20:14.804934979,Logistics,Payment,4,14.1,0.95,191.36,40.76,0,0,4,1,Completed
2025-04-01 07:15:01.500500167,Clinic,Payment,9,14.9,0.33,896.97,55.68,0,0,5,2,Completed
2025-04-01 10:09:48.196065355,Clinic,Delivery,12,37.1,0.23,1563.99,14.84,0,1,8,3,Completed
2025-04-01 13:04:34.891630544,Clinic,Order processing,3,25.7,1.41,266.65,126.81,0,2,2,1,Completed
2025-04-01 15:59:21.587195732,Clinic,Customer enquiry,9,16.7,0.74,576.17,58.4,0,0,9,2,Completed
2025-04-01 18:54:08.282760921,Retail,Customer enquiry,8,17.3,2.35,665.82,252.56,0,0,5,2,Completed
2025-04-01 21:48:54.978326109,Clinic,Complaint handling,12,31.6,2.32,1084.58,110.42,0,0,8,2,Completed
2025-04-02 00:43:41.673891297,Service Business,Customer enquiry,10,18.7,3.48,889.59,169.87,0,1,4,4,Completed
2025-04-02 03:38:28.369456486,Service Business,Customer enquiry,10,19.0,2.19,601.14,131.09,0,1,8,1,Completed
2025-04-02 06:33:15.065021674,Retail,Order processing,15,27.3,3.12,1003.33,127.08,0,1,9,3,Completed
2025-04-02 09:28:01.760586863,Clinic,Supplier coordination,8,37.3,5.94,492.54,295.02,0,4,5,2,Completed
2025-04-02 12:22:48.456152051,Clinic,Payment,3,18.4,1.36,258.41,131.44,0,0,2,0,Completed
2025-04-02 15:17:35.151717239,Clinic,Payment,10,12.8,3.89,765.94,193.91,0,0,7,0,Completed
2025-04-02 18:12:21.847282428,Logistics,Booking,6,9.8,6.53,619.98,420.0,0,0,5,0,Completed
2025-04-02 21:07:08.542847616,Restaurant,Customer enquiry,8,22.5,0.72,667.49,51.96,0,0,3,2,Completed
2025-04-03 00:01:55.238412805,Logistics,Order processing,7,23.0,3.15,655.69,233.28,0,0,5,4,Completed
2025-04-03 02:56:41.933977993,Restaurant,Payment,8,26.6,0.9,576.73,49.26,0,0,5,3,Completed
2025-04-03 05:51:28.629543181,Clinic,Order processing,11,21.0,1.41,420.94,141.87,0,0,8,1,Completed
2025-04-03 08:46:15.325108370,Clinic,Follow-up,7,30.5,0.37,753.37,72.91,0,0,7,0,Completed
2025-04-03 11:41:02.020673558,Logistics,Supplier coordination,9,38.3,0.38,726.83,38.02,0,1,6,3,Completed
2025-04-03 14:35:48.716238747,Logistics,Customer enquiry,5,12.8,1.72,435.44,94.2,0,0,4,0,Completed
2025-04-03 17:30:35.411803935,Restaurant,Booking,7,32.6,2.9,671.8,151.49,1,3,3,4,Delayed
2025-04-03 20:25:22.107369123,Service Business,Complaint handling,7,33.9,1.76,585.69,95.99,0,0,4,3,Completed
2025-04-03 23:20:08.802934312,Restaurant,Payment,8,11.1,2.97,297.27,161.99,0,0,5,2,Completed
2025-04-04 02:14:55.498499500,Logistics,Follow-up,8,32.6,0.68,562.09,47.59,1,0,6,3,Delayed
2025-04-04 05:09:42.194064688,Logistics,Order processing,4,26.1,0.78,269.63,79.76,0,1,4,3,Completed
2025-04-04 08:04:28.889629877,Retail,Appointment,7,15.8,4.82,476.96,307.81,0,0,5,1,Completed
2025-04-04 10:59:15.585195065,Logistics,Stock handling,7,23.5,0.87,514.17,74.7,0,1,4,4,Completed
2025-04-04 13:54:02.280760254,Retail,Customer enquiry,4,15.5,1.4,316.88,112.31,0,0,4,1,Completed
2025-04-04 16:48:48.976325442,Service Business,Customer enquiry,5,14.0,1.07,602.28,65.98,0,0,4,0,Completed
2025-04-04 19:43:35.671890630,Restaurant,Follow-up,6,27.0,1.73,537.09,97.6,0,0,4,3,Completed
2025-04-04 22:38:22.367455819,Restaurant,Order processing,5,24.1,2.01,469.25,111.62,0,0,4,0,Completed
2025-04-05 01:33:09.063021007,Retail,Delivery,3,44.5,1.59,203.14,98.68,0,1,2,1,Completed
2025-04-05 04:27:55.758586196,Restaurant,Customer enquiry,7,19.2,1.22,775.07,74.33,0,0,5,0,Completed
2025-04-05 07:22:42.454151384,Logistics,Delivery,7,33.6,1.72,566.66,110.54,0,1,3,1,Completed
2025-04-05 10:17:29.149716572,Clinic,Appointment,3,18.9,2.06,233.01,99.28,0,0,1,1,Completed
2025-04-05 13:12:15.845281761,Retail,Follow-up,9,32.2,1.16,347.89,70.59,0,1,5,5,Completed
2025-04-05 16:07:02.540846949,Restaurant,Order processing,5,25.5,1.96,467.89,123.53,0,1,3,0,Completed
2025-04-05 19:01:49.236412138,Retail,Order processing,5,22.7,0.6,492.47,28.16,1,0,2,1,Delayed
2025-04-05 21:56:35.931977326,Retail,Supplier coordination,4,36.4,1.52,391.43,98.49,0,2,3,1,Completed
2025-04-06 00:51:22.627542514,Clinic,Stock handling,12,41.2,1.68,565.5,86.29,0,1,7,6,Completed
2025-04-06 03:46:09.323107703,Logistics,Payment,10,32.0,2.01,986.7,99.53,0,3,4,2,Completed
2025-04-06 06:40:56.018672891,Retail,Payment,11,15.6,0.62,782.69,66.82,0,0,6,3,Completed
2025-04-06 09:35:42.714238080,Restaurant,Complaint handling,3,33.7,1.27,151.05,76.55,0,0,2,2,Completed
2025-04-06 12:30:29.409803268,Service Business,Booking,6,13.1,1.85,752.81,107.82,0,0,5,2,Completed
2025-04-06 15:25:16.105368456,Retail,Follow-up,10,29.8,1.23,1112.82,92.68,0,0,7,3,Completed
2025-04-06 18:20:02.800933645,Retail,Appointment,7,31.0,1.75,646.37,67.48,0,1,6,0,Completed
2025-04-06 21:14:49.496498833,Clinic,Order processing,8,24.3,2.22,716.24,106.51,0,2,4,2,Completed
2025-04-07 00:09:36.192064022,Logistics,Stock handling,5,23.5,1.21,562.26,59.29,0,2,3,1,Completed
2025-04-07 03:04:22.887629210,Service Business,Delivery,9,51.8,2.45,605.48,142.34,1,6,4,6,Delayed
2025-04-07 05:59:09.583194398,Restaurant,Follow-up,4,25.1,2.13,530.48,58.94,0,0,2,1,Completed
2025-04-07 08:53:56.278759587,Service Business,Complaint handling,7,32.2,1.84,552.5,92.21,0,0,5,2,Completed
2025-04-07 11:48:42.974324775,Restaurant,Follow-up,4,30.1,4.17,399.62,186.38,0,1,3,0,Completed
2025-04-07 14:43:29.669889964,Logistics,Complaint handling,7,31.2,3.57,629.03,168.9,0,2,4,1,Completed
2025-04-07 17:38:16.365455152,Restaurant,Order processing,1,28.3,3.93,55.87,195.3,0,0,1,0,Completed
2025-04-07 20:33:03.061020340,Clinic,Booking,6,14.3,2.18,470.65,164.74,0,0,5,0,Completed
2025-04-07 23:27:49.756585529,Clinic,Complaint handling,9,29.8,0.81,995.85,39.64,0,2,5,2,Completed
2025-04-08 02:22:36.452150717,Clinic,Order processing,6,28.5,0.76,365.96,61.65,0,1,5,0,Completed
2025-04-08 05:17:23.147715906,Clinic,Order processing,3,48.5,2.5,323.73,138.42,0,2,1,2,Completed
2025-04-08 08:12:09.843281094,Service Business,Booking,6,18.2,3.81,555.65,175.29,0,0,1,0,Completed
2025-04-08 11:06:56.538846282,Logistics,Payment,6,26.6,2.93,295.09,174.76,0,1,5,1,Completed
2025-04-08 14:01:43.234411471,Restaurant,Follow-up,7,37.6,4.19,545.97,208.02,0,1,4,2,Completed
2025-04-08 16:56:29.929976659,Restaurant,Customer enquiry,14,16.5,0.52,1076.7,43.25,0,0,11,5,Completed
2025-04-08 19:51:16.625541848,Clinic,Customer enquiry,5,17.9,0.55,277.8,132.18,0,0,4,2,Completed
2025-04-08 22:46:03.321107036,Clinic,Delivery,7,42.7,0.29,592.31,91.97,1,3,3,3,Delayed
2025-04-09 01:40:50.016672224,Retail,Delivery,5,44.3,1.86,240.78,171.64,0,2,4,2,Completed
2025-04-09 04:35:36.712237413,Logistics,Customer enquiry,7,20.6,0.87,681.15,38.66,0,0,4,1,Completed
2025-04-09 07:30:23.407802601,Service Business,Appointment,6,37.5,1.68,350.76,116.14,0,3,4,0,Completed
2025-04-09 10:25:10.103367790,Restaurant,Customer enquiry,5,27.8,0.99,355.61,59.72,0,0,4,0,Completed
2025-04-09 13:19:56.798932978,Retail,Delivery,5,40.7,2.13,389.69,124.71,0,1,4,2,Completed
2025-04-09 16:14:43.494498166,Retail,Stock handling,6,29.8,1.88,668.15,106.79,0,2,4,2,Completed
2025-04-09 19:09:30.190063355,Restaurant,Delivery,7,32.4,2.39,351.12,172.89,0,2,5,3,Completed
2025-04-09 22:04:16.885628543,Service Business,Appointment,10,26.1,1.15,669.36,67.56,0,1,8,3,Completed
2025-04-10 00:59:03.581193732,Retail,Follow-up,8,32.3,1.64,651.12,88.88,0,2,7,0,Completed
2025-04-10 03:53:50.276758920,Retail,Customer enquiry,6,16.1,1.01,459.46,84.92,0,0,0,0,Completed
2025-04-10 06:48:36.972324108,Logistics,Booking,7,11.7,1.17,562.9,108.08,0,0,5,1,Completed
2025-04-10 09:43:23.667889297,Service Business,Stock handling,8,22.7,2.87,587.97,127.49,0,2,4,3,Completed
2025-04-10 12:38:10.363454485,Retail,Order processing,7,33.4,1.77,589.07,75.63,0,4,4,3,Completed
2025-04-10 15:32:57.059019674,Service Business,Appointment,9,16.3,0.99,313.85,45.78,0,0,6,1,Completed
2025-04-10 18:27:43.754584862,Restaurant,Delivery,8,36.5,1.64,873.26,109.1,0,0,4,4,Completed
2025-04-10 21:22:30.450150050,Clinic,Booking,6,10.7,1.11,458.66,92.07,0,0,4,0,Completed
2025-04-11 00:17:17.145715239,Retail,Complaint handling,7,31.0,1.55,960.86,76.87,0,2,6,1,Completed
2025-04-11 03:12:03.841280427,Logistics,Payment,8,10.3,5.67,564.6,245.89,0,0,7,0,Completed
2025-04-11 06:06:50.536845615,Restaurant,Customer enquiry,10,12.1,3.38,1007.66,205.14,0,0,6,0,Completed
2025-04-11 09:01:37.232410804,Service Business,Payment,5,13.2,2.38,307.95,164.45,0,0,4,0,Completed
2025-04-11 11:56:23.927975992,Restaurant,Appointment,4,17.7,0.58,315.75,86.83,0,0,3,0,Completed
2025-04-11 14:51:10.623541181,Retail,Complaint handling,8,39.8,0.11,447.38,27.57,0,1,8,2,Completed
2025-04-11 17:45:57.319106369,Service Business,Complaint handling,5,44.8,1.34,354.91,88.29,0,2,3,0,Completed
2025-04-11 20:40:44.014671557,Clinic,Complaint handling,8,36.7,1.48,495.17,109.88,0,0,6,2,Completed
2025-04-11 23:35:30.710236746,Restaurant,Order processing,5,24.2,2.36,444.61,131.04,0,2,3,0,Completed
2025-04-12 02:30:17.405801934,Retail,Appointment,3,29.5,0.34,343.08,78.32,0,0,3,1,Completed
2025-04-12 05:25:04.101367123,Logistics,Follow-up,7,24.3,0.8,615.43,104.58,0,0,4,0,Completed
2025-04-12 08:19:50.796932311,Service Business,Payment,9,12.3,3.72,1270.23,200.4,0,0,6,2,Completed
2025-04-12 11:14:37.492497499,Restaurant,Follow-up,7,24.4,0.92,654.84,90.77,0,1,5,0,Completed
2025-04-12 14:09:24.188062688,Restaurant,Booking,7,14.8,0.98,402.29,77.5,0,0,5,1,Completed
2025-04-12 17:04:10.883627876,Clinic,Supplier coordination,9,48.1,7.2,1182.35,511.13,0,3,6,4,Completed
2025-04-12 19:58:57.579193065,Clinic,Stock handling,9,28.9,3.53,882.38,159.94,0,0,6,2,Completed
2025-04-12 22:53:44.274758253,Logistics,Stock handling,8,24.7,2.56,378.96,118.98,0,0,5,2,Completed
2025-04-13 01:48:30.970323441,Logistics,Follow-up,11,28.9,0.67,852.89,67.16,0,0,8,1,Completed
2025-04-13 04:43:17.665888630,Retail,Supplier coordination,5,37.7,1.84,478.4,83.85,0,1,4,2,Completed
2025-04-13 07:38:04.361453818,Retail,Supplier coordination,5,38.6,1.44,452.01,126.15,0,1,2,3,Completed
2025-04-13 10:32:51.057019007,Logistics,Customer enquiry,12,18.4,2.9,1147.34,209.73,0,0,9,1,Completed
2025-04-13 13:27:37.752584195,Logistics,Booking,11,35.0,0.24,1104.28,53.08,0,2,5,5,Completed
2025-04-13 16:22:24.448149383,Service Business,Appointment,8,34.2,1.88,518.24,87.91,0,1,3,2,Completed
2025-04-13 19:17:11.143714572,Clinic,Supplier coordination,6,38.0,3.1,534.78,61.08,0,1,3,2,Completed
2025-04-13 22:11:57.839279760,Retail,Delivery,12,34.7,1.45,992.47,71.24,0,1,8,3,Completed
2025-04-14 01:06:44.534844949,Clinic,Stock handling,7,27.3,1.5,507.04,112.49,1,3,5,3,Delayed
2025-04-14 04:01:31.230410137,Clinic,Delivery,6,36.2,1.53,578.31,84.69,0,1,3,0,Completed
2025-04-14 06:56:17.925975325,Logistics,Booking,8,11.6,0.97,658.74,73.62,0,0,6,0,Completed
2025-04-14 09:51:04.621540514,Service Business,Supplier coordination,2,43.1,3.0,205.17,110.5,0,0,1,0,Completed
2025-04-14 12:45:51.317105702,Restaurant,Payment,5,8.5,4.64,424.11,205.3,1,0,3,2,Delayed
2025-04-14 15:40:38.012670891,Service Business,Stock handling,5,30.8,0.33,354.5,27.11,0,1,3,0,Completed
2025-04-14 18:35:24.708236079,Service Business,Customer enquiry,5,12.8,2.45,407.64,104.03,0,0,2,0,Completed
2025-04-14 21:30:11.403801267,Clinic,Customer enquiry,8,29.1,1.48,743.98,92.63,0,2,3,2,Completed
2025-04-15 00:24:58.099366456,Service Business,Complaint handling,6,36.5,0.57,473.15,71.98,0,1,6,1,Completed
2025-04-15 03:19:44.794931644,Retail,Order processing,6,21.8,0.57,409.6,48.71,0,0,4,1,Completed
2025-04-15 06:14:31.490496832,Clinic,Supplier coordination,5,56.6,1.64,407.55,103.83,1,2,3,1,Delayed
2025-04-15 09:09:18.186062020,Retail,Booking,7,23.6,1.39,765.77,95.1,0,0,3,0,Completed
2025-04-15 12:04:04.881627210,Restaurant,Stock handling,8,30.1,0.55,741.68,66.67,0,0,7,1,Completed
2025-04-15 14:58:51.577192398,Clinic,Order processing,13,27.8,1.14,1118.41,68.91,0,3,6,2,Completed
2025-04-15 17:53:38.272757586,Restaurant,Booking,11,11.0,2.42,812.31,147.4,0,0,7,1,Completed
2025-04-15 20:48:24.968322774,Clinic,Follow-up,6,30.1,0.7,496.7,136.15,0,3,3,1,Completed
2025-04-15 23:43:11.663887962,Logistics,Supplier coordination,3,48.7,1.61,171.21,67.49,0,1,3,0,Completed
2025-04-16 02:37:58.359453152,Service Business,Appointment,2,25.1,2.51,148.16,123.57,0,1,1,0,Completed
2025-04-16 05:32:45.055018340,Logistics,Appointment,6,26.2,1.26,538.06,106.62,0,1,5,2,Completed
2025-04-16 08:27:31.750583528,Restaurant,Supplier coordination,5,42.0,0.6,402.21,55.63,1,3,3,0,Delayed
2025-04-16 11:22:18.446148716,Service Business,Complaint handling,8,39.4,2.0,558.81,117.16,1,3,4,1,Delayed
2025-04-16 14:17:05.141713904,Clinic,Complaint handling,7,39.9,0.69,357.67,66.72,0,1,3,3,Completed
2025-04-16 17:11:51.837279094,Service Business,Appointment,7,17.5,2.01,527.04,92.87,0,0,5,0,Completed
2025-04-16 20:06:38.532844282,Retail,Payment,7,13.9,1.69,432.41,91.91,0,0,5,0,Completed
2025-04-16 23:01:25.228409470,Service Business,Stock handling,10,25.1,3.07,774.07,125.84,0,1,8,2,Completed
2025-04-17 01:56:11.923974658,Retail,Appointment,9,28.6,1.33,757.69,83.31,0,2,8,2,Completed
2025-04-17 04:50:58.619539846,Service Business,Payment,9,9.0,4.43,988.03,219.93,0,0,8,3,Completed
2025-04-17 07:45:45.315105036,Retail,Order processing,6,19.4,2.52,590.78,117.41,0,0,4,2,Completed
2025-04-17 10:40:32.010670224,Restaurant,Payment,4,17.7,3.49,333.02,173.57,0,0,4,1,Completed
2025-04-17 13:35:18.706235412,Logistics,Order processing,6,19.3,1.47,744.18,70.81,0,1,5,0,Completed
2025-04-17 16:30:05.401800600,Clinic,Booking,8,16.2,1.15,695.44,94.8,0,0,7,1,Completed
2025-04-17 19:24:52.097365788,Service Business,Delivery,9,51.7,0.65,560.39,30.76,0,3,5,1,Completed
2025-04-17 22:19:38.792930978,Logistics,Booking,6,16.1,1.04,439.56,74.19,0,1,4,2,Completed
2025-04-18 01:14:25.488496166,Clinic,Appointment,3,15.8,1.48,404.21,159.84,0,0,2,1,Completed
2025-04-18 04:09:12.184061354,Clinic,Order processing,4,18.8,2.82,248.86,137.95,0,0,3,1,Completed
2025-04-18 07:03:58.879626542,Retail,Appointment,5,17.2,1.58,356.94,66.43,0,0,3,0,Completed
2025-04-18 09:58:45.575191730,Restaurant,Supplier coordination,7,41.8,0.75,700.0,75.11,1,7,4,3,Delayed
2025-04-18 12:53:32.270756920,Restaurant,Stock handling,3,22.8,0.51,175.78,128.02,0,0,2,0,Completed
2025-04-18 15:48:18.966322108,Logistics,Customer enquiry,3,13.7,0.85,301.95,74.87,0,0,2,0,Completed
2025-04-18 18:43:05.661887296,Restaurant,Appointment,10,32.0,0.77,1036.21,81.38,0,2,5,3,Completed
2025-04-18 21:37:52.357452484,Service Business,Stock handling,11,24.1,3.35,927.88,173.09,0,1,6,6,Completed
2025-04-19 00:32:39.053017672,Restaurant,Payment,9,17.8,1.2,1031.22,94.54,0,1,6,0,Completed
2025-04-19 03:27:25.748582862,Logistics,Booking,10,11.3,0.5,743.68,58.59,0,0,6,4,Completed
2025-04-19 06:22:12.444148050,Restaurant,Payment,6,9.5,2.07,592.11,134.8,0,0,3,2,Completed
2025-04-19 09:16:59.139713238,Service Business,Customer enquiry,8,31.0,1.56,208.29,131.61,0,1,5,3,Completed
2025-04-19 12:11:45.835278426,Retail,Order processing,3,22.4,1.87,278.41,95.3,0,0,2,1,Completed
2025-04-19 15:06:32.530843614,Logistics,Supplier coordination,5,40.8,1.6,538.64,82.27,0,0,4,3,Completed
2025-04-19 18:01:19.226408804,Retail,Stock handling,10,21.0,1.05,957.47,76.07,0,2,5,1,Completed
2025-04-19 20:56:05.921973992,Retail,Supplier coordination,14,49.6,0.92,976.94,103.71,0,3,5,4,Completed
2025-04-19 23:50:52.617539180,Retail,Delivery,6,39.3,0.28,271.02,32.67,0,0,3,2,Completed
2025-04-20 02:45:39.313104368,Clinic,Appointment,9,39.7,1.41,931.39,64.21,0,2,6,1,Completed
2025-04-20 05:40:26.008669556,Clinic,Order processing,5,23.6,2.69,298.91,174.79,0,1,4,3,Completed
2025-04-20 08:35:12.704234746,Retail,Delivery,5,41.6,2.79,313.5,119.05,0,1,2,2,Completed
2025-04-20 11:29:59.399799934,Logistics,Follow-up,10,32.7,0.96,722.45,62.57,0,1,5,2,Completed
2025-04-20 14:24:46.095365122,Service Business,Appointment,5,22.7,3.97,463.91,185.23,0,0,3,3,Completed
2025-04-20 17:19:32.790930310,Service Business,Payment,8,12.5,0.49,837.97,40.09,0,0,4,0,Completed
2025-04-20 20:14:19.486495498,Restaurant,Booking,5,21.0,1.56,614.28,72.94,0,1,3,0,Completed
2025-04-20 23:09:06.182060688,Logistics,Stock handling,6,29.1,0.85,490.05,34.85,0,2,1,0,Completed
2025-04-21 02:03:52.877625876,Clinic,Customer enquiry,5,15.7,1.57,426.55,148.71,0,0,3,0,Completed
2025-04-21 04:58:39.573191064,Retail,Customer enquiry,6,27.4,3.5,532.86,121.09,0,1,5,0,Completed
2025-04-21 07:53:26.268756252,Restaurant,Payment,8,18.6,0.66,547.04,46.77,0,0,6,1,Completed
2025-04-21 10:48:12.964321440,Service Business,Complaint handling,9,33.5,1.31,849.54,84.39,0,0,8,1,Completed
2025-04-21 13:42:59.659886630,Clinic,Customer enquiry,9,19.8,1.21,594.79,82.2,0,0,7,4,Completed
2025-04-21 16:37:46.355451818,Clinic,Stock handling,4,30.3,1.42,414.28,78.23,0,0,3,2,Completed
2025-04-21 19:32:33.051017006,Retail,Payment,6,15.7,0.92,345.72,57.17,0,0,5,0,Completed
2025-04-21 22:27:19.746582194,Service Business,Order processing,5,41.4,2.24,492.91,131.95,0,3,1,2,Completed
2025-04-22 01:22:06.442147382,Logistics,Customer enquiry,5,17.8,1.06,494.7,41.02,0,0,5,0,Completed
2025-04-22 04:16:53.137712572,Clinic,Supplier coordination,12,42.7,1.0,541.54,99.61,0,5,10,2,Completed
2025-04-22 07:11:39.833277760,Retail,Payment,8,30.4,3.53,693.7,179.38,1,5,6,3,Delayed
2025-04-22 10:06:26.528842948,Logistics,Stock handling,4,30.5,1.55,454.94,137.1,0,1,3,2,Completed
2025-04-22 13:01:13.224408136,Service Business,Supplier coordination,12,45.9,1.0,1013.78,73.63,1,4,1,8,Delayed
2025-04-22 15:55:59.919973324,Clinic,Appointment,7,24.1,2.39,567.23,144.53,1,2,5,2,Delayed
2025-04-22 18:50:46.615538514,Logistics,Appointment,7,19.0,1.38,480.32,98.53,0,0,6,1,Completed
2025-04-22 21:45:33.311103702,Logistics,Customer enquiry,6,18.3,1.21,544.93,81.9,0,0,6,1,Completed
2025-04-23 00:40:20.006668890,Logistics,Supplier coordination,11,38.3,1.95,791.32,90.96,1,2,6,4,Delayed
2025-04-23 03:35:06.702234078,Clinic,Booking,3,22.8,5.22,270.49,231.51,0,0,3,0,Completed
2025-04-23 06:29:53.397799266,Clinic,Appointment,6,25.6,1.24,577.63,92.29,0,0,3,0,Completed
2025-04-23 09:24:40.093364456,Restaurant,Booking,8,14.0,2.01,686.65,129.55,0,0,6,0,Completed
2025-04-23 12:19:26.788929644,Service Business,Order processing,7,26.5,1.52,730.04,76.46,0,2,5,3,Completed
2025-04-23 15:14:13.484494832,Retail,Payment,8,12.7,0.56,708.8,123.06,0,0,5,1,Completed
2025-04-23 18:09:00.180060020,Logistics,Delivery,5,40.3,0.81,358.45,94.34,0,1,2,0,Completed
2025-04-23 21:03:46.875625208,Restaurant,Stock handling,11,31.9,2.05,438.91,77.03,0,1,8,6,Completed
2025-04-23 23:58:33.571190398,Retail,Payment,6,14.6,1.45,417.15,126.89,0,0,5,2,Completed
2025-04-24 02:53:20.266755586,Restaurant,Stock handling,10,40.3,1.16,761.38,65.17,0,3,5,6,Completed
2025-04-24 05:48:06.962320774,Clinic,Supplier coordination,3,38.6,2.16,276.39,123.43,0,1,2,0,Completed
2025-04-24 08:42:53.657885962,Logistics,Order processing,10,20.9,1.85,386.1,101.78,0,2,8,2,Completed
2025-04-24 11:37:40.353451150,Retail,Follow-up,5,27.7,0.42,202.09,78.62,0,1,4,2,Completed
2025-04-24 14:32:27.049016340,Retail,Customer enquiry,8,25.1,0.78,303.15,58.56,0,0,4,2,Completed
2025-04-24 17:27:13.744581528,Retail,Stock handling,4,29.0,1.55,311.47,71.55,1,0,2,1,Delayed
2025-04-24 20:22:00.440146716,Retail,Stock handling,10,21.5,0.69,506.4,61.05,0,0,8,1,Completed
2025-04-24 23:16:47.135711904,Retail,Supplier coordination,13,37.1,3.29,1163.6,225.74,0,1,9,4,Completed
2025-04-25 02:11:33.831277092,Restaurant,Booking,8,30.0,1.55,569.06,132.05,0,0,5,2,Completed
2025-04-25 05:06:20.526842282,Logistics,Payment,8,14.0,1.38,362.25,91.74,0,0,7,2,Completed
2025-04-25 08:01:07.222407470,Clinic,Follow-up,7,35.7,4.04,716.84,168.07,0,0,6,3,Completed
2025-04-25 10:55:53.917972658,Clinic,Complaint handling,9,34.3,1.67,713.44,94.8,0,1,7,1,Completed
2025-04-25 13:50:40.613537846,Clinic,Customer enquiry,8,25.2,1.19,826.51,160.82,0,0,7,2,Completed
2025-04-25 16:45:27.309103034,Clinic,Delivery,9,36.9,0.82,725.03,90.16,0,1,7,3,Completed
2025-04-25 19:40:14.004668224,Restaurant,Complaint handling,4,31.1,2.07,454.97,125.63,0,2,2,1,Completed
2025-04-25 22:35:00.700233412,Service Business,Payment,8,16.5,1.4,750.01,100.89,0,0,6,1,Completed
2025-04-26 01:29:47.395798600,Logistics,Customer enquiry,12,33.2,0.55,595.5,75.37,0,1,6,3,Completed
2025-04-26 04:24:34.091363788,Retail,Stock handling,7,24.8,2.25,477.14,143.01,1,2,4,1,Delayed
2025-04-26 07:19:20.786928976,Service Business,Delivery,8,34.5,1.13,523.43,124.86,0,0,6,2,Completed
2025-04-26 10:14:07.482494166,Clinic,Booking,1,28.0,2.6,30.12,108.36,0,0,1,0,Completed
2025-04-26 13:08:54.178059354,Service Business,Follow-up,5,23.4,3.53,497.34,144.19,0,0,3,1,Completed
2025-04-26 16:03:40.873624542,Logistics,Booking,5,11.3,0.48,447.55,93.33,0,0,5,2,Completed
2025-04-26 18:58:27.569189730,Retail,Order processing,9,20.3,1.37,1005.95,51.19,0,0,5,3,Completed
2025-04-26 21:53:14.264754918,Retail,Supplier coordination,8,46.7,1.89,353.51,140.47,1,2,6,7,Delayed
2025-04-27 00:48:00.960320108,Logistics,Customer enquiry,11,30.3,1.0,603.29,64.54,0,1,7,2,Completed
2025-04-27 03:42:47.655885296,Logistics,Booking,3,20.6,1.79,175.01,66.07,0,0,1,0,Completed
2025-04-27 06:37:34.351450484,Clinic,Complaint handling,12,33.5,0.76,1352.95,48.39,1,3,5,6,Delayed
2025-04-27 09:32:21.047015672,Retail,Supplier coordination,9,43.6,3.25,1000.79,221.14,0,1,8,3,Completed
2025-04-27 12:27:07.742580860,Service Business,Booking,8,18.2,3.26,409.53,180.18,0,0,6,2,Completed
2025-04-27 15:21:54.438146050,Restaurant,Appointment,7,26.5,0.93,617.16,73.03,0,0,5,0,Completed
2025-04-27 18:16:41.133711238,Restaurant,Order processing,5,29.2,0.39,469.37,106.27,0,0,3,1,Completed
2025-04-27 21:11:27.829276426,Logistics,Payment,5,24.2,1.2,384.9,76.77,0,1,5,0,Completed
2025-04-28 00:06:14.524841614,Clinic,Follow-up,8,26.0,1.2,989.36,84.59,0,0,7,2,Completed
2025-04-28 03:01:01.220406802,Restaurant,Order processing,3,29.6,2.42,76.37,101.0,0,1,2,3,Completed
2025-04-28 05:55:47.915971992,Retail,Supplier coordination,4,39.7,0.56,147.1,51.61,0,0,4,1,Completed
2025-04-28 08:50:34.611537180,Logistics,Appointment,11,25.6,4.1,904.01,139.8,0,1,4,2,Completed
2025-04-28 11:45:21.307102368,Service Business,Customer enquiry,4,19.9,1.14,212.31,98.48,0,0,3,1,Completed
2025-04-28 14:40:08.002667556,Logistics,Complaint handling,9,32.3,1.76,896.01,88.02,0,2,6,2,Completed
2025-04-28 17:34:54.698232744,Service Business,Follow-up,7,27.9,1.7,310.47,179.53,0,1,2,1,Completed
2025-04-28 20:29:41.393797932,Logistics,Follow-up,7,24.5,3.27,654.55,102.54,0,2,4,2,Completed
2025-04-28 23:24:28.089363122,Logistics,Order processing,6,19.1,2.66,475.26,150.3,0,1,4,3,Completed
2025-04-29 02:19:14.784928310,Logistics,Supplier coordination,6,40.5,4.56,718.28,253.33,0,1,5,1,Completed
2025-04-29 05:14:01.480493498,Service Business,Customer enquiry,6,37.4,1.2,368.94,89.4,1,2,5,0,Delayed
2025-04-29 08:08:48.176058686,Service Business,Stock handling,5,21.1,1.33,574.83,139.8,0,0,4,0,Completed
2025-04-29 11:03:34.871623874,Logistics,Appointment,7,38.2,0.41,676.23,47.79,0,0,4,3,Completed
2025-04-29 13:58:21.567189064,Restaurant,Stock handling,8,22.9,1.8,464.2,76.87,0,0,5,0,Completed
2025-04-29 16:53:08.262754252,Clinic,Complaint handling,8,29.8,0.28,470.6,105.1,0,0,6,3,Completed
2025-04-29 19:47:54.958319440,Clinic,Customer enquiry,12,16.0,1.52,1241.67,102.37,0,0,7,2,Completed
2025-04-29 22:42:41.653884628,Clinic,Customer enquiry,5,17.8,1.63,411.78,129.05,0,0,4,1,Completed
2025-04-30 01:37:28.349449816,Service Business,Appointment,7,21.8,1.74,531.99,127.61,0,1,6,1,Completed
2025-04-30 04:32:15.045015006,Service Business,Delivery,13,33.0,1.69,1531.21,84.74,0,2,10,0,Completed
2025-04-30 07:27:01.740580194,Restaurant,Stock handling,5,25.0,0.7,482.95,45.16,0,0,4,0,Completed
2025-04-30 10:21:48.436145382,Clinic,Booking,12,10.0,4.54,725.34,221.6,0,0,7,2,Completed
2025-04-30 13:16:35.131710570,Clinic,Follow-up,6,29.8,0.97,400.53,49.13,0,0,4,2,Completed
2025-04-30 16:11:21.827275758,Logistics,Delivery,8,51.1,2.9,706.14,70.17,1,6,3,5,Delayed
2025-04-30 19:06:08.522840948,Service Business,Booking,11,15.1,5.74,923.08,293.99,0,0,11,1,Completed
2025-04-30 22:00:55.218406136,Clinic,Supplier coordination,4,37.4,1.35,378.77,63.56,0,2,2,1,Completed
2025-05-01 00:55:41.913971324,Restaurant,Appointment,8,17.3,0.5,775.97,44.14,0,0,5,2,Completed
2025-05-01 03:50:28.609536512,Restaurant,Supplier coordination,3,40.9,0.76,338.53,76.41,0,1,3,1,Completed
2025-05-01 06:45:15.305101700,Clinic,Follow-up,10,22.8,1.47,695.49,122.06,0,1,3,5,Completed
2025-05-01 09:40:02.000666890,Service Business,Payment,6,12.5,4.43,786.2,245.12,0,0,6,1,Completed
2025-05-01 12:34:48.696232078,Restaurant,Booking,4,14.8,0.36,395.71,31.8,0,0,2,1,Completed
2025-05-01 15:29:35.391797266,Logistics,Delivery,8,35.8,1.46,675.34,57.43,0,2,5,3,Completed
2025-05-01 18:24:22.087362454,Restaurant,Booking,9,22.5,1.17,674.67,74.94,0,2,4,2,Completed
2025-05-01 21:19:08.782927642,Retail,Booking,10,12.8,2.02,868.26,119.48,0,0,8,0,Completed
2025-05-02 00:13:55.478492832,Retail,Appointment,4,23.6,2.08,155.95,141.2,0,1,3,0,Completed
2025-05-02 03:08:42.174058020,Service Business,Supplier coordination,4,44.0,1.83,303.66,100.97,0,2,2,1,Completed
2025-05-02 06:03:28.869623208,Clinic,Stock handling,6,36.7,0.76,643.59,118.46,1,3,2,2,Delayed
2025-05-02 08:58:15.565188396,Service Business,Payment,9,13.5,0.73,623.3,48.9,0,1,5,2,Completed
2025-05-02 11:53:02.260753584,Service Business,Appointment,5,18.4,0.53,181.12,39.69,0,0,4,0,Completed
2025-05-02 14:47:48.956318774,Service Business,Complaint handling,4,35.3,1.55,196.33,153.12,0,1,1,1,Completed
2025-05-02 17:42:35.651883962,Service Business,Appointment,16,27.1,1.13,1140.84,42.83,0,0,10,2,Completed
2025-05-02 20:37:22.347449150,Logistics,Follow-up,7,34.2,1.71,597.83,71.3,1,1,7,5,Delayed
2025-05-02 23:32:09.043014338,Logistics,Payment,5,18.3,1.29,298.19,74.43,0,1,4,0,Completed
2025-05-03 02:26:55.738579526,Restaurant,Customer enquiry,5,16.1,4.83,240.41,249.13,1,2,2,3,Delayed
2025-05-03 05:21:42.434144716,Retail,Complaint handling,10,35.1,0.2,620.22,25.61,0,0,6,3,Completed
2025-05-03 08:16:29.129709904,Service Business,Order processing,10,24.7,1.26,1205.28,99.34,0,1,8,0,Completed
2025-05-03 11:11:15.825275092,Restaurant,Appointment,6,28.2,0.47,816.03,54.07,0,1,5,0,Completed
2025-05-03 14:06:02.520840280,Retail,Booking,8,11.2,2.35,717.08,145.52,0,0,7,0,Completed
2025-05-03 17:00:49.216405468,Clinic,Stock handling,8,31.1,1.09,671.82,99.38,0,0,6,1,Completed
2025-05-03 19:55:35.911970658,Logistics,Customer enquiry,5,20.1,0.94,513.99,67.63,0,0,2,3,Completed
2025-05-03 22:50:22.607535846,Retail,Appointment,9,46.9,2.95,431.98,164.87,0,5,4,3,Completed
2025-05-04 01:45:09.303101034,Clinic,Appointment,1,28.3,0.7,65.85,53.12,0,0,1,0,Completed
2025-05-04 04:39:55.998666222,Retail,Delivery,9,35.0,5.03,287.36,282.3,0,1,8,2,Completed
2025-05-04 07:34:42.694231410,Logistics,Delivery,7,38.6,2.62,617.98,145.99,0,2,4,3,Completed
2025-05-04 10:29:29.389796600,Logistics,Customer enquiry,5,20.8,0.68,385.18,133.29,0,0,4,1,Completed
2025-05-04 13:24:16.085361788,Restaurant,Supplier coordination,16,39.2,1.75,970.66,128.58,0,3,10,5,Completed
2025-05-04 16:19:02.780926976,Service Business,Delivery,4,36.4,3.5,483.15,203.27,1,0,2,2,Delayed
2025-05-04 19:13:49.476492164,Retail,Booking,8,22.8,7.24,842.59,307.31,0,3,4,0,Completed
2025-05-04 22:08:36.172057352,Retail,Complaint handling,7,32.1,0.2,541.14,21.7,1,1,5,4,Delayed
2025-05-05 01:03:22.867622542,Clinic,Order processing,8,41.9,0.43,483.77,26.63,0,0,5,2,Completed
2025-05-05 03:58:09.563187730,Logistics,Payment,6,12.9,1.06,509.04,41.25,0,0,5,0,Completed
2025-05-05 06:52:56.258752918,Retail,Order processing,12,18.8,0.67,963.76,84.36,0,1,10,3,Completed
2025-05-05 09:47:42.954318106,Logistics,Order processing,9,23.3,2.74,600.63,224.4,0,0,6,2,Completed
2025-05-05 12:42:29.649883294,Retail,Payment,6,12.4,0.44,338.98,49.38,0,0,4,0,Completed
2025-05-05 15:37:16.345448484,Restaurant,Delivery,11,40.3,0.06,916.68,33.6,0,1,8,2,Completed
2025-05-05 18:32:03.041013672,Service Business,Customer enquiry,6,16.6,1.03,497.77,99.37,0,0,2,1,Completed
2025-05-05 21:26:49.736578860,Retail,Payment,10,12.1,1.43,542.76,75.76,0,0,7,1,Completed
2025-05-06 00:21:36.432144048,Logistics,Follow-up,9,31.8,0.8,313.33,83.29,0,0,7,1,Completed
2025-05-06 03:16:23.127709236,Restaurant,Supplier coordination,5,47.5,1.35,352.44,64.88,0,4,2,1,Completed
2025-05-06 06:11:09.823274426,Retail,Complaint handling,8,31.0,0.61,372.02,60.28,0,1,6,1,Completed
2025-05-06 09:05:56.518839614,Clinic,Stock handling,9,26.2,0.39,544.35,93.49,0,0,9,1,Completed
2025-05-06 12:00:43.214404802,Service Business,Delivery,10,32.9,1.27,658.68,81.45,0,2,9,4,Completed
2025-05-06 14:55:29.909969990,Retail,Supplier coordination,7,45.5,0.25,615.84,70.92,1,2,5,2,Delayed
2025-05-06 17:50:16.605535178,Restaurant,Payment,9,13.1,1.7,590.74,84.28,0,0,8,2,Completed
2025-05-06 20:45:03.301100368,Clinic,Follow-up,7,27.4,1.19,588.12,95.44,1,1,5,1,Delayed
2025-05-06 23:39:49.996665556,Restaurant,Stock handling,15,27.7,0.72,872.02,146.89,0,2,8,2,Completed
2025-05-07 02:34:36.692230744,Restaurant,Complaint handling,6,34.8,2.02,511.45,119.76,1,1,5,1,Delayed
2025-05-07 05:29:23.387795932,Clinic,Complaint handling,9,33.4,4.14,637.85,234.1,0,1,6,2,Completed
2025-05-07 08:24:10.083361120,Restaurant,Delivery,3,41.6,6.32,253.24,243.99,1,0,1,0,Delayed
2025-05-07 11:18:56.778926310,Clinic,Payment,8,13.9,2.23,852.71,86.34,0,0,5,0,Completed
2025-05-07 14:13:43.474491498,Retail,Supplier coordination,9,61.0,2.53,664.71,130.72,1,6,4,5,Delayed
2025-05-07 17:08:30.170056686,Clinic,Customer enquiry,7,29.7,1.42,522.45,88.28,0,1,3,0,Completed
2025-05-07 20:03:16.865621874,Clinic,Supplier coordination,3,45.3,1.76,263.38,96.62,0,2,2,1,Completed
2025-05-07 22:58:03.561187062,Service Business,Supplier coordination,9,40.1,1.15,805.72,71.22,0,1,7,2,Completed
2025-05-08 01:52:50.256752252,Clinic,Complaint handling,7,31.1,2.09,179.23,113.15,0,0,4,3,Completed
2025-05-08 04:47:36.952317440,Clinic,Customer enquiry,10,21.6,2.82,527.91,165.87,0,2,8,3,Completed
2025-05-08 07:42:23.647882628,Retail,Customer enquiry,9,31.0,0.63,749.11,50.04,0,1,6,2,Completed
2025-05-08 10:37:10.343447816,Service Business,Delivery,7,43.9,3.96,798.85,184.06,0,2,5,2,Completed
2025-05-08 13:31:57.039013004,Logistics,Stock handling,7,53.5,2.0,317.82,99.8,0,0,2,3,Completed
2025-05-08 16:26:43.734578194,Retail,Appointment,8,16.4,1.33,523.35,67.06,0,0,6,1,Completed
2025-05-08 19:21:30.430143382,Retail,Order processing,3,33.2,1.04,250.1,57.54,0,1,2,1,Completed
2025-05-08 22:16:17.125708570,Logistics,Order processing,4,23.6,1.13,226.54,118.65,0,0,3,1,Completed
2025-05-09 01:11:03.821273758,Clinic,Complaint handling,10,31.9,1.82,899.16,124.72,0,3,2,3,Completed
2025-05-09 04:05:50.516838946,Restaurant,Appointment,6,28.3,1.56,562.69,67.58,0,1,5,0,Completed
2025-05-09 07:00:37.212404136,Service Business,Stock handling,5,24.2,2.5,438.33,145.42,0,0,2,0,Completed
2025-05-09 09:55:23.907969324,Restaurant,Appointment,6,20.3,2.34,494.55,136.54,0,0,5,0,Completed
2025-05-09 12:50:10.603534512,Logistics,Delivery,6,39.6,1.48,333.81,168.24,0,4,3,2,Completed
2025-05-09 15:44:57.299099700,Retail,Supplier coordination,6,47.8,0.59,428.98,60.76,0,1,3,2,Completed
2025-05-09 18:39:43.994664888,Retail,Complaint handling,4,34.0,1.78,423.74,139.92,0,1,4,3,Completed
2025-05-09 21:34:30.690230078,Service Business,Customer enquiry,8,19.8,0.85,687.97,136.54,0,0,5,3,Completed
2025-05-10 00:29:17.385795266,Retail,Complaint handling,14,32.2,0.38,371.35,47.64,0,1,10,5,Completed
2025-05-10 03:24:04.081360454,Retail,Order processing,9,25.1,1.76,864.3,125.31,0,0,8,2,Completed
2025-05-10 06:18:50.776925642,Service Business,Stock handling,6,33.6,0.48,521.87,82.13,0,1,3,1,Completed
2025-05-10 09:13:37.472490830,Service Business,Appointment,10,25.8,0.8,704.49,56.26,1,3,1,2,Delayed
2025-05-10 12:08:24.168056020,Logistics,Stock handling,5,27.7,0.57,367.09,35.74,0,1,1,0,Completed
2025-05-10 15:03:10.863621208,Retail,Delivery,8,36.2,1.58,516.04,102.33,0,4,5,5,Completed
2025-05-10 17:57:57.559186396,Retail,Complaint handling,11,30.0,1.68,875.75,109.02,0,2,4,3,Completed
2025-05-10 20:52:44.254751584,Logistics,Payment,3,23.0,3.1,234.31,155.37,0,0,1,0,Completed
2025-05-10 23:47:30.950316772,Clinic,Complaint handling,2,29.7,1.79,145.14,72.12,0,0,2,0,Completed
2025-05-11 02:42:17.645881962,Clinic,Customer enquiry,5,24.5,2.84,418.95,122.78,0,1,5,1,Completed
2025-05-11 05:37:04.341447150,Clinic,Complaint handling,10,34.1,0.63,752.33,34.01,1,4,7,3,Delayed
2025-05-11 08:31:51.037012338,Logistics,Follow-up,8,27.6,3.18,800.49,209.15,0,0,7,1,Completed
2025-05-11 11:26:37.732577526,Retail,Delivery,9,34.5,0.59,867.21,95.02,0,0,5,3,Completed
2025-05-11 14:21:24.428142714,Logistics,Booking,11,14.2,0.46,531.66,50.07,0,0,5,2,Completed
2025-05-11 17:16:11.123707904,Logistics,Delivery,7,34.9,1.75,603.37,126.85,0,2,5,0,Completed
2025-05-11 20:10:57.819273092,Clinic,Appointment,8,23.1,1.25,575.07,41.26,0,1,8,1,Completed
2025-05-11 23:05:44.514838280,Restaurant,Booking,11,19.0,1.17,623.33,105.06,0,0,8,2,Completed
2025-05-12 02:00:31.210403468,Retail,Appointment,10,16.8,2.08,852.79,123.09,0,0,6,1,Completed
2025-05-12 04:55:17.905968656,Clinic,Appointment,6,25.2,0.67,521.49,72.27,0,1,2,0,Completed
2025-05-12 07:50:04.601533844,Restaurant,Customer enquiry,5,23.4,2.14,693.66,107.5,0,0,4,1,Completed
2025-05-12 10:44:51.297099034,Restaurant,Customer enquiry,11,19.6,1.31,320.73,153.84,0,1,8,2,Completed
2025-05-12 13:39:37.992664222,Service Business,Supplier coordination,12,38.1,2.78,812.09,140.59,0,4,6,6,Completed
2025-05-12 16:34:24.688229410,Retail,Order processing,7,33.8,0.6,932.58,60.8,0,0,6,2,Completed
2025-05-12 19:29:11.383794598,Restaurant,Supplier coordination,7,41.9,0.64,430.07,40.53,0,0,4,3,Completed
2025-05-12 22:23:58.079359786,Clinic,Supplier coordination,2,53.1,4.38,172.02,301.1,1,2,1,2,Delayed
2025-05-13 01:18:44.774924976,Service Business,Order processing,14,31.6,1.88,1154.68,107.91,0,0,6,3,Completed
2025-05-13 04:13:31.470490164,Retail,Payment,7,14.9,1.06,559.23,70.95,0,1,3,0,Completed
2025-05-13 07:08:18.166055352,Logistics,Booking,9,13.3,2.94,590.23,156.72,0,0,6,0,Completed
2025-05-13 10:03:04.861620540,Clinic,Stock handling,8,22.7,3.5,538.62,124.32,0,0,5,1,Completed
2025-05-13 12:57:51.557185728,Restaurant,Supplier coordination,3,46.5,0.95,254.99,122.82,0,0,3,2,Completed
2025-05-13 15:52:38.252750918,Restaurant,Complaint handling,4,30.1,1.56,295.34,101.61,0,0,3,1,Completed
2025-05-13 18:47:24.948316106,Clinic,Complaint handling,5,32.6,4.81,423.61,285.74,1,1,2,1,Delayed
2025-05-13 21:42:11.643881294,Restaurant,Appointment,6,21.9,0.78,531.15,53.94,0,0,5,2,Completed
2025-05-14 00:36:58.339446482,Service Business,Order processing,7,32.7,0.81,697.59,91.84,0,0,5,3,Completed
2025-05-14 03:31:45.035011670,Retail,Appointment,8,15.9,1.74,811.24,66.68,0,0,5,0,Completed
2025-05-14 06:26:31.730576860,Service Business,Follow-up,11,29.6,0.59,899.52,54.58,0,2,7,1,Completed
2025-05-14 09:21:18.426142048,Restaurant,Follow-up,4,25.6,1.56,213.62,84.46,0,1,2,0,Completed
2025-05-14 12:16:05.121707236,Logistics,Stock handling,7,24.4,1.47,742.14,64.64,0,1,6,2,Completed
2025-05-14 15:10:51.817272424,Retail,Customer enquiry,8,26.5,0.56,685.46,37.15,0,1,4,3,Completed
2025-05-14 18:05:38.512837612,Retail,Customer enquiry,6,26.5,1.05,579.89,63.71,0,1,6,1,Completed
2025-05-14 21:00:25.208402802,Clinic,Order processing,4,26.2,4.67,354.53,223.55,0,1,2,2,Completed
2025-05-14 23:55:11.903967990,Clinic,Order processing,8,32.6,1.88,589.25,139.91,0,1,5,2,Completed
2025-05-15 02:49:58.599533178,Logistics,Supplier coordination,9,50.9,0.64,640.68,60.48,1,3,5,4,Delayed
2025-05-15 05:44:45.295098366,Retail,Follow-up,13,25.0,1.29,1478.97,75.35,0,0,9,3,Completed
2025-05-15 08:39:31.990663554,Logistics,Supplier coordination,8,51.7,2.84,646.12,244.02,0,2,3,1,Completed
2025-05-15 11:34:18.686228744,Clinic,Customer enquiry,12,35.9,1.49,932.95,82.74,0,1,7,6,Completed
2025-05-15 14:29:05.381793932,Clinic,Booking,8,11.4,1.9,488.61,99.76,0,0,6,1,Completed
2025-05-15 17:23:52.077359120,Retail,Booking,7,22.9,2.45,509.14,166.49,0,0,4,2,Completed
2025-05-15 20:18:38.772924308,Service Business,Order processing,6,27.4,4.39,601.1,160.93,0,1,2,2,Completed
2025-05-15 23:13:25.468489496,Restaurant,Appointment,5,15.6,1.72,401.11,93.28,0,0,4,2,Completed
2025-05-16 02:08:12.164054686,Clinic,Customer enquiry,3,18.4,1.67,323.16,103.19,0,0,2,0,Completed
2025-05-16 05:02:58.859619874,Clinic,Booking,12,9.8,1.87,1038.85,121.14,0,0,7,5,Completed
2025-05-16 07:57:45.555185062,Service Business,Customer enquiry,6,15.0,2.96,488.46,201.26,0,0,4,0,Completed
2025-05-16 10:52:32.250750250,Service Business,Delivery,7,43.7,1.1,484.72,75.72,0,1,4,2,Completed
2025-05-16 13:47:18.946315438,Logistics,Complaint handling,6,37.0,1.05,482.17,70.64,1,3,5,3,Delayed
2025-05-16 16:42:05.641880628,Logistics,Follow-up,2,30.2,2.71,120.73,132.27,1,0,2,0,Delayed
2025-05-16 19:36:52.337445816,Restaurant,Supplier coordination,5,38.0,3.26,464.66,129.73,0,0,1,1,Completed
2025-05-16 22:31:39.033011004,Restaurant,Customer enquiry,6,14.9,2.59,467.55,129.56,0,0,6,1,Completed
2025-05-17 01:26:25.728576192,Retail,Complaint handling,14,37.0,2.2,1032.68,186.02,0,1,7,7,Completed
2025-05-17 04:21:12.424141380,Logistics,Delivery,10,40.6,2.26,733.33,102.22,0,2,4,4,Completed
2025-05-17 07:15:59.119706570,Clinic,Supplier coordination,7,45.6,2.79,659.08,156.92,0,2,5,4,Completed
2025-05-17 10:10:45.815271758,Logistics,Customer enquiry,9,27.7,1.47,587.07,186.1,0,0,5,0,Completed
2025-05-17 13:05:32.510836946,Clinic,Order processing,5,23.3,2.27,507.43,167.39,0,1,4,1,Completed
2025-05-17 16:00:19.206402134,Service Business,Complaint handling,2,33.4,2.7,139.03,168.2,0,0,2,1,Completed
2025-05-17 18:55:05.901967322,Logistics,Supplier coordination,8,52.8,0.94,742.51,56.13,0,2,5,3,Completed
2025-05-17 21:49:52.597532512,Service Business,Customer enquiry,10,22.1,4.1,686.29,182.66,0,0,6,2,Completed
2025-05-18 00:44:39.293097700,Restaurant,Complaint handling,10,37.3,2.39,661.43,117.94,0,0,8,1,Completed
2025-05-18 03:39:25.988662888,Restaurant,Delivery,4,36.7,2.32,445.72,148.03,0,0,4,2,Completed
2025-05-18 06:34:12.684228076,Retail,Customer enquiry,7,21.4,0.9,654.53,73.39,0,1,4,2,Completed
2025-05-18 09:28:59.379793264,Logistics,Customer enquiry,5,18.5,2.55,403.85,174.61,0,1,4,1,Completed
2025-05-18 12:23:46.075358454,Service Business,Customer enquiry,7,35.7,1.95,324.18,115.52,0,0,6,2,Completed
2025-05-18 15:18:32.770923642,Clinic,Stock handling,7,28.6,3.15,613.47,167.43,0,1,4,3,Completed
2025-05-18 18:13:19.466488830,Restaurant,Order processing,10,31.9,0.98,1007.78,42.01,0,0,6,2,Completed
2025-05-18 21:08:06.162054018,Restaurant,Delivery,6,45.9,0.83,494.81,63.38,0,0,2,3,Completed
2025-05-19 00:02:52.857619206,Clinic,Supplier coordination,6,42.6,2.19,472.66,110.79,0,3,4,2,Completed
2025-05-19 02:57:39.553184396,Service Business,Stock handling,8,22.5,1.37,659.98,62.37,0,1,6,2,Completed
2025-05-19 05:52:26.248749584,Service Business,Appointment,9,28.5,1.99,790.75,176.87,0,0,5,3,Completed
2025-05-19 08:47:12.944314772,Logistics,Stock handling,4,27.0,1.08,262.02,100.91,0,1,1,0,Completed
2025-05-19 11:41:59.639879960,Logistics,Follow-up,4,27.1,1.25,311.35,128.23,0,0,3,0,Completed
2025-05-19 14:36:46.335445148,Retail,Follow-up,10,29.4,3.73,810.41,140.17,0,2,7,3,Completed
2025-05-19 17:31:33.031010338,Restaurant,Customer enquiry,7,14.4,2.3,694.14,104.27,0,0,3,3,Completed
2025-05-19 20:26:19.726575526,Logistics,Stock handling,8,26.8,4.88,249.06,201.39,0,0,5,1,Completed
2025-05-19 23:21:06.422140714,Service Business,Appointment,2,21.4,2.43,199.53,177.92,0,0,2,1,Completed
2025-05-20 02:15:53.117705902,Clinic,Stock handling,3,29.7,1.68,133.36,124.63,0,1,1,1,Completed
2025-05-20 05:10:39.813271090,Service Business,Order processing,6,23.0,2.65,382.6,135.15,0,0,5,3,Completed
2025-05-20 08:05:26.508836280,Restaurant,Order processing,7,27.1,2.45,546.4,141.73,0,0,3,2,Completed
2025-05-20 11:00:13.204401468,Service Business,Appointment,9,26.7,1.72,846.23,109.47,0,0,6,3,Completed
2025-05-20 13:54:59.899966656,Retail,Stock handling,5,29.4,1.54,512.13,111.85,0,1,3,1,Completed
2025-05-20 16:49:46.595531844,Restaurant,Complaint handling,8,29.9,2.27,507.35,171.83,0,0,6,3,Completed
2025-05-20 19:44:33.291097032,Clinic,Order processing,14,24.1,1.19,1279.72,127.85,0,1,11,3,Completed
2025-05-20 22:39:19.986662222,Retail,Order processing,13,27.9,1.05,772.19,86.94,0,3,8,3,Completed
2025-05-21 01:34:06.682227410,Restaurant,Booking,9,21.3,0.33,478.56,28.49,0,2,6,3,Completed
2025-05-21 04:28:53.377792598,Clinic,Stock handling,11,23.8,0.73,1238.16,77.79,0,0,9,0,Completed
2025-05-21 07:23:40.073357786,Retail,Order processing,6,27.7,4.21,669.32,202.07,0,0,6,1,Completed
2025-05-21 10:18:26.768922974,Retail,Delivery,6,37.1,0.59,427.72,42.77,0,2,3,3,Completed
2025-05-21 13:13:13.464488164,Restaurant,Stock handling,8,26.5,5.17,376.69,248.13,0,0,6,1,Completed
2025-05-21 16:08:00.160053352,Logistics,Follow-up,12,23.5,2.68,641.75,130.05,0,1,9,5,Completed
2025-05-21 19:02:46.855618540,Retail,Booking,11,9.6,5.04,1127.21,223.14,0,0,8,2,Completed
2025-05-21 21:57:33.551183728,Retail,Order processing,3,23.9,5.67,261.67,272.65,0,0,3,1,Completed
2025-05-22 00:52:20.246748916,Clinic,Booking,5,12.8,1.36,272.81,117.01,0,0,2,1,Completed
2025-05-22 03:47:06.942314106,Service Business,Follow-up,5,36.0,1.25,410.04,85.68,0,0,4,1,Completed
2025-05-22 06:41:53.637879294,Restaurant,Appointment,10,25.9,0.16,609.85,23.35,0,0,6,2,Completed
2025-05-22 09:36:40.333444482,Restaurant,Appointment,10,27.4,0.96,439.16,53.2,0,3,7,3,Completed
2025-05-22 12:31:27.029009670,Logistics,Stock handling,6,21.3,0.2,329.06,16.82,0,0,4,0,Completed
2025-05-22 15:26:13.724574858,Logistics,Follow-up,3,26.3,0.22,305.2,34.6,0,0,1,1,Completed
2025-05-22 18:21:00.420140048,Restaurant,Payment,5,12.9,0.7,205.71,57.6,0,0,2,0,Completed
2025-05-22 21:15:47.115705236,Logistics,Payment,8,9.3,1.18,600.19,55.94,0,0,4,3,Completed
2025-05-23 00:10:33.811270424,Clinic,Stock handling,7,29.5,2.08,376.46,139.7,0,1,4,0,Completed
2025-05-23 03:05:20.506835612,Restaurant,Customer enquiry,5,16.6,1.25,520.38,65.89,0,0,3,0,Completed
2025-05-23 06:00:07.202400800,Logistics,Booking,9,17.5,1.26,664.47,89.35,0,0,5,4,Completed
2025-05-23 08:54:53.897965990,Restaurant,Booking,5,18.3,1.76,502.7,105.05,0,0,2,1,Completed
2025-05-23 11:49:40.593531178,Service Business,Appointment,13,21.4,1.27,806.7,70.56,0,2,9,1,Completed
2025-05-23 14:44:27.289096366,Retail,Payment,5,16.9,4.14,413.3,231.34,0,0,4,1,Completed
2025-05-23 17:39:13.984661554,Restaurant,Supplier coordination,4,38.1,0.96,253.77,78.97,0,2,2,1,Completed
2025-05-23 20:34:00.680226742,Retail,Order processing,5,25.9,1.31,240.52,121.63,0,0,4,2,Completed
2025-05-23 23:28:47.375791932,Logistics,Order processing,12,25.2,1.91,712.02,109.26,0,1,8,3,Completed
2025-05-24 02:23:34.071357120,Retail,Order processing,7,32.6,1.86,480.33,78.64,0,0,6,0,Completed
2025-05-24 05:18:20.766922308,Restaurant,Appointment,9,16.4,1.13,444.57,72.15,0,0,6,1,Completed
2025-05-24 08:13:07.462487496,Service Business,Follow-up,10,30.0,1.65,954.39,81.92,0,0,9,1,Completed
2025-05-24 11:07:54.158052684,Logistics,Complaint handling,7,35.1,1.01,415.0,145.6,0,0,5,2,Completed
2025-05-24 14:02:40.853617874,Restaurant,Payment,2,12.3,1.75,201.88,78.38,0,0,2,0,Completed
2025-05-24 16:57:27.549183062,Logistics,Payment,5,8.3,2.83,306.39,161.44,0,0,5,0,Completed
2025-05-24 19:52:14.244748250,Clinic,Supplier coordination,5,37.4,1.28,350.49,95.99,0,1,3,3,Completed
2025-05-24 22:47:00.940313438,Retail,Booking,5,13.6,1.64,299.63,115.44,0,0,3,2,Completed
2025-05-25 01:41:47.635878626,Clinic,Customer enquiry,10,20.1,1.15,776.62,103.75,0,1,6,1,Completed
2025-05-25 04:36:34.331443816,Restaurant,Stock handling,8,22.6,0.96,482.2,45.44,0,0,6,0,Completed
2025-05-25 07:31:21.027009004,Service Business,Booking,8,22.8,1.86,466.28,193.08,0,0,6,2,Completed
2025-05-25 10:26:07.722574192,Logistics,Follow-up,4,28.6,0.5,442.91,39.32,0,1,4,1,Completed
2025-05-25 13:20:54.418139380,Retail,Stock handling,9,31.4,0.86,936.49,81.66,0,1,4,1,Completed
2025-05-25 16:15:41.113704568,Logistics,Payment,13,24.0,3.14,1576.42,209.1,0,0,9,5,Completed
2025-05-25 19:10:27.809269758,Restaurant,Follow-up,8,25.2,0.54,602.7,65.88,0,2,5,4,Completed
2025-05-25 22:05:14.504834946,Logistics,Stock handling,5,20.4,2.59,183.16,168.38,0,0,5,2,Completed
2025-05-26 01:00:01.200400134,Retail,Supplier coordination,10,40.6,2.59,764.52,161.44,0,2,6,3,Completed
2025-05-26 03:54:47.895965322,Restaurant,Supplier coordination,8,37.5,1.4,490.89,128.1,0,1,2,3,Completed
2025-05-26 06:49:34.591530510,Logistics,Delivery,7,56.6,1.31,473.9,74.96,0,1,6,1,Completed
2025-05-26 09:44:21.287095698,Service Business,Complaint handling,9,35.3,1.15,693.78,57.1,0,1,6,5,Completed
2025-05-26 12:39:07.982660888,Restaurant,Supplier coordination,4,42.4,1.94,463.34,110.39,0,0,4,1,Completed
2025-05-26 15:33:54.678226076,Restaurant,Payment,5,10.0,1.12,401.04,107.95,0,0,2,0,Completed
2025-05-26 18:28:41.373791264,Service Business,Customer enquiry,5,25.9,2.09,617.15,121.17,0,1,4,0,Completed
2025-05-26 21:23:28.069356452,Clinic,Order processing,6,28.0,0.69,378.87,182.72,0,0,3,1,Completed
2025-05-27 00:18:14.764921640,Retail,Delivery,6,37.4,3.06,663.43,127.88,0,2,2,3,Completed
2025-05-27 03:13:01.460486830,Clinic,Order processing,9,27.1,2.18,735.33,120.02,0,0,5,1,Completed
2025-05-27 06:07:48.156052018,Logistics,Complaint handling,1,36.3,0.06,32.34,13.78,1,0,1,0,Delayed
2025-05-27 09:02:34.851617206,Service Business,Stock handling,4,30.6,2.98,327.68,125.7,0,0,4,0,Completed
2025-05-27 11:57:21.547182394,Clinic,Appointment,9,20.1,2.84,841.24,127.97,0,1,7,2,Completed
2025-05-27 14:52:08.242747582,Restaurant,Supplier coordination,9,42.3,3.3,381.56,176.51,0,2,5,3,Completed
2025-05-27 17:46:54.938312772,Logistics,Customer enquiry,2,16.9,2.31,143.77,165.08,0,0,1,0,Completed
2025-05-27 20:41:41.633877960,Logistics,Complaint handling,9,31.9,2.34,599.81,117.92,0,1,5,2,Completed
2025-05-27 23:36:28.329443148,Clinic,Order processing,8,26.2,0.51,794.36,53.34,0,2,6,0,Completed
2025-05-28 02:31:15.025008336,Clinic,Delivery,11,34.6,0.48,752.02,53.71,0,2,8,4,Completed
2025-05-28 05:26:01.720573524,Service Business,Supplier coordination,5,52.6,2.7,347.66,109.34,0,0,2,0,Completed
2025-05-28 08:20:48.416138714,Retail,Payment,4,14.7,1.87,235.18,124.38,0,0,3,0,Completed
2025-05-28 11:15:35.111703902,Clinic,Supplier coordination,8,37.9,0.18,456.36,16.87,0,1,4,2,Completed
2025-05-28 14:10:21.807269090,Clinic,Delivery,4,44.8,1.78,225.62,143.08,0,1,4,1,Completed
2025-05-28 17:05:08.502834278,Restaurant,Delivery,7,39.4,0.5,362.15,33.53,0,1,5,2,Completed
2025-05-28 19:59:55.198399466,Logistics,Appointment,9,17.2,0.32,454.88,52.1,0,1,8,2,Completed
2025-05-28 22:54:41.893964656,Retail,Supplier coordination,7,39.0,4.98,776.03,258.43,1,2,4,0,Delayed
2025-05-29 01:49:28.589529844,Restaurant,Supplier coordination,8,41.4,0.67,869.28,43.57,1,2,5,1,Delayed
2025-05-29 04:44:15.285095032,Service Business,Appointment,9,17.6,0.13,929.2,110.87,0,0,6,2,Completed
2025-05-29 07:39:01.980660220,Service Business,Follow-up,5,37.9,0.31,398.06,57.22,0,1,2,0,Completed
2025-05-29 10:33:48.676225408,Clinic,Follow-up,4,30.3,3.06,274.55,160.89,0,0,2,2,Completed
2025-05-29 13:28:35.371790598,Clinic,Stock handling,6,28.5,0.56,536.67,54.22,0,1,2,2,Completed
2025-05-29 16:23:22.067355786,Service Business,Follow-up,10,26.1,2.66,1103.85,140.97,0,0,9,5,Completed
2025-05-29 19:18:08.762920974,Clinic,Booking,7,20.3,2.02,580.85,107.48,0,0,4,2,Completed
2025-05-29 22:12:55.458486162,Retail,Supplier coordination,7,44.5,1.84,485.45,90.22,1,1,4,1,Delayed
2025-05-30 01:07:42.154051350,Clinic,Customer enquiry,3,18.2,0.58,272.89,48.47,0,0,3,0,Completed
2025-05-30 04:02:28.849616540,Logistics,Supplier coordination,8,41.8,1.28,1214.2,79.69,0,0,5,0,Completed
2025-05-30 06:57:15.545181728,Clinic,Booking,8,26.4,1.29,484.87,98.05,0,0,7,2,Completed
2025-05-30 09:52:02.240746916,Restaurant,Booking,7,13.5,1.26,385.64,61.01,0,0,4,0,Completed
2025-05-30 12:46:48.936312104,Retail,Order processing,9,29.3,3.02,944.5,135.86,0,0,8,2,Completed
2025-05-30 15:41:35.631877292,Restaurant,Supplier coordination,8,41.8,1.25,806.45,92.22,0,0,5,2,Completed
2025-05-30 18:36:22.327442482,Restaurant,Complaint handling,12,36.1,2.38,661.06,170.32,0,0,8,4,Completed
2025-05-30 21:31:09.023007670,Logistics,Booking,7,14.9,1.66,593.65,90.06,0,0,5,1,Completed
2025-05-31 00:25:55.718572858,Retail,Customer enquiry,5,31.2,0.56,352.43,37.9,0,1,4,0,Completed
2025-05-31 03:20:42.414138046,Retail,Appointment,3,23.8,2.29,151.82,111.49,0,0,2,0,Completed
2025-05-31 06:15:29.109703234,Retail,Stock handling,9,29.0,2.51,465.97,106.1,0,2,5,4,Completed
2025-05-31 09:10:15.805268424,Retail,Order processing,6,20.4,1.07,392.31,43.39,0,0,5,2,Completed
2025-05-31 12:05:02.500833612,Retail,Appointment,8,18.9,1.95,652.01,94.27,0,0,4,0,Completed
2025-05-31 14:59:49.196398800,Logistics,Order processing,8,27.1,2.44,747.95,126.94,0,2,2,4,Completed
2025-05-31 17:54:35.891963988,Clinic,Customer enquiry,6,18.1,6.49,415.61,312.31,0,0,5,1,Completed
2025-05-31 20:49:22.587529176,Restaurant,Delivery,9,34.5,1.04,648.62,76.9,0,1,4,4,Completed
2025-05-31 23:44:09.283094366,Retail,Supplier coordination,8,47.5,2.19,725.91,192.89,1,0,4,3,Delayed
2025-06-01 02:38:55.978659554,Clinic,Payment,5,9.7,1.18,356.44,91.86,0,0,2,0,Completed
2025-06-01 05:33:42.674224742,Clinic,Complaint handling,7,49.0,2.32,505.76,129.43,0,0,7,2,Completed
2025-06-01 08:28:29.369789930,Restaurant,Appointment,6,25.0,1.31,622.17,113.55,0,0,5,2,Completed
2025-06-01 11:23:16.065355118,Logistics,Supplier coordination,8,41.6,0.58,557.51,96.38,1,2,6,4,Delayed
2025-06-01 14:18:02.760920308,Service Business,Complaint handling,8,33.6,0.47,515.82,47.99,0,0,6,0,Completed
2025-06-01 17:12:49.456485496,Service Business,Delivery,8,35.7,3.02,518.03,166.09,0,2,5,2,Completed
2025-06-01 20:07:36.152050684,Clinic,Payment,7,7.9,0.27,519.94,16.01,0,0,3,0,Completed
2025-06-01 23:02:22.847615872,Restaurant,Complaint handling,11,31.4,2.42,1165.77,160.69,0,1,5,4,Completed
2025-06-02 01:57:09.543181060,Service Business,Complaint handling,7,37.2,1.09,612.76,88.67,0,2,4,2,Completed
2025-06-02 04:51:56.238746250,Clinic,Appointment,6,17.2,2.55,451.51,246.9,0,0,6,2,Completed
2025-06-02 07:46:42.934311438,Logistics,Follow-up,6,27.0,2.69,453.66,191.12,0,0,5,0,Completed
2025-06-02 10:41:29.629876626,Service Business,Payment,9,26.7,1.2,854.81,79.59,0,0,8,1,Completed
2025-06-02 13:36:16.325441814,Clinic,Supplier coordination,8,38.9,5.54,604.06,277.46,0,2,4,3,Completed
2025-06-02 16:31:03.021007002,Clinic,Delivery,3,33.4,1.37,225.55,137.06,0,1,2,0,Completed
2025-06-02 19:25:49.716572192,Retail,Payment,8,9.4,2.45,682.62,116.08,0,0,5,2,Completed
2025-06-02 22:20:36.412137380,Logistics,Customer enquiry,6,32.6,1.2,373.52,126.32,0,0,5,4,Completed
2025-06-03 01:15:23.107702568,Retail,Follow-up,9,29.4,1.51,1089.34,90.78,0,3,3,1,Completed
2025-06-03 04:10:09.803267756,Restaurant,Customer enquiry,5,15.2,1.07,597.75,155.37,0,1,3,0,Completed
2025-06-03 07:04:56.498832944,Retail,Delivery,10,40.9,1.41,799.08,58.67,0,2,5,6,Completed
2025-06-03 09:59:43.194398134,Retail,Appointment,9,17.9,0.27,678.48,99.03,0,0,5,1,Completed
2025-06-03 12:54:29.889963322,Service Business,Appointment,5,15.7,1.16,292.71,66.79,0,0,5,1,Completed
2025-06-03 15:49:16.585528510,Clinic,Delivery,6,48.0,1.97,478.15,120.6,0,1,5,3,Completed
2025-06-03 18:44:03.281093698,Logistics,Order processing,10,23.6,0.85,561.88,118.26,0,0,7,2,Completed
2025-06-03 21:38:49.976658886,Retail,Delivery,7,43.1,1.74,522.63,112.35,0,2,4,2,Completed
2025-06-04 00:33:36.672224076,Logistics,Follow-up,6,27.3,3.75,566.19,165.5,0,0,4,1,Completed
2025-06-04 03:28:23.367789264,Retail,Booking,9,15.9,1.83,907.29,121.95,0,0,5,2,Completed
2025-06-04 06:23:10.063354452,Restaurant,Appointment,5,21.8,1.59,550.34,90.09,0,0,4,0,Completed
2025-06-04 09:17:56.758919640,Retail,Stock handling,6,28.7,1.27,529.02,81.6,0,0,6,1,Completed
2025-06-04 12:12:43.454484828,Service Business,Follow-up,7,23.9,1.3,410.64,108.37,1,1,5,1,Delayed
2025-06-04 15:07:30.150050018,Clinic,Follow-up,7,37.2,2.0,772.79,92.51,1,2,2,3,Delayed
2025-06-04 18:02:16.845615206,Restaurant,Follow-up,11,31.3,1.15,1090.71,103.06,0,1,5,4,Completed
2025-06-04 20:57:03.541180394,Retail,Complaint handling,4,33.6,0.59,276.33,59.81,0,0,3,0,Completed
2025-06-04 23:51:50.236745582,Logistics,Follow-up,8,38.3,0.42,448.92,45.98,0,2,6,0,Completed
2025-06-05 02:46:36.932310770,Restaurant,Appointment,4,26.0,2.49,329.25,173.05,0,1,2,0,Completed
2025-06-05 05:41:23.627875960,Restaurant,Booking,8,10.7,4.57,853.98,230.09,0,0,7,1,Completed
2025-06-05 08:36:10.323441148,Retail,Booking,4,21.4,4.02,274.59,106.07,0,1,3,1,Completed
2025-06-05 11:30:57.019006336,Restaurant,Follow-up,11,25.4,0.61,895.57,40.41,0,1,7,1,Completed
2025-06-05 14:25:43.714571524,Logistics,Customer enquiry,6,13.4,3.98,546.8,161.82,0,0,4,2,Completed
2025-06-05 17:20:30.410136712,Restaurant,Appointment,10,17.8,3.29,461.95,151.19,0,0,7,2,Completed
2025-06-05 20:15:17.105701902,Logistics,Appointment,8,33.8,2.24,515.48,111.3,0,0,5,2,Completed
2025-06-05 23:10:03.801267090,Retail,Payment,2,17.7,1.46,227.48,91.02,0,0,2,0,Completed
2025-06-06 02:04:50.496832278,Clinic,Supplier coordination,4,42.5,1.79,142.22,113.84,0,0,3,1,Completed
2025-06-06 04:59:37.192397466,Restaurant,Order processing,5,27.1,1.05,522.5,77.47,0,0,2,0,Completed
2025-06-06 07:54:23.887962654,Clinic,Order processing,7,30.1,3.42,729.67,197.76,0,1,4,2,Completed
2025-06-06 10:49:10.583527844,Logistics,Customer enquiry,12,17.6,3.52,1048.64,286.44,0,0,11,2,Completed
2025-06-06 13:43:57.279093032,Restaurant,Order processing,5,34.8,0.35,405.96,26.42,0,1,3,3,Completed
2025-06-06 16:38:43.974658220,Service Business,Payment,11,13.9,5.99,460.87,324.75,0,0,9,1,Completed
2025-06-06 19:33:30.670223408,Clinic,Delivery,10,33.3,3.84,887.47,217.21,0,1,6,3,Completed
2025-06-06 22:28:17.365788596,Restaurant,Order processing,5,39.0,0.56,342.67,110.6,0,1,4,3,Completed
2025-06-07 01:23:04.061353786,Clinic,Appointment,9,16.9,1.77,941.97,206.4,0,0,7,2,Completed
2025-06-07 04:17:50.756918974,Restaurant,Delivery,6,46.4,0.44,512.5,24.97,0,1,4,0,Completed
2025-06-07 07:12:37.452484162,Retail,Order processing,8,19.0,1.61,351.42,106.82,0,0,6,2,Completed
2025-06-07 10:07:24.148049350,Clinic,Appointment,9,22.7,3.29,550.1,182.63,0,1,6,2,Completed
2025-06-07 13:02:10.843614538,Service Business,Appointment,6,18.9,0.48,262.27,39.86,0,0,2,1,Completed
2025-06-07 15:56:57.539179728,Service Business,Follow-up,4,31.3,1.86,194.74,102.52,0,1,3,1,Completed
2025-06-07 18:51:44.234744916,Logistics,Booking,12,29.3,3.1,1163.79,225.75,0,2,7,2,Completed
2025-06-07 21:46:30.930310104,Restaurant,Customer enquiry,4,17.4,1.11,290.54,73.49,0,0,3,1,Completed
2025-06-08 00:41:17.625875292,Clinic,Payment,5,9.0,2.44,310.4,145.88,0,0,3,0,Completed
2025-06-08 03:36:04.321440480,Logistics,Complaint handling,9,35.7,2.15,696.45,114.03,0,3,6,1,Completed
2025-06-08 06:30:51.017005670,Clinic,Supplier coordination,7,40.5,2.33,487.15,95.01,0,0,4,2,Completed
2025-06-08 09:25:37.712570858,Restaurant,Order processing,4,20.4,1.29,325.8,73.47,0,0,2,0,Completed
2025-06-08 12:20:24.408136046,Service Business,Order processing,7,28.4,1.58,873.51,123.65,1,2,2,1,Delayed
2025-06-08 15:15:11.103701234,Retail,Delivery,11,32.3,1.5,853.58,96.87,0,4,4,4,Completed
2025-06-08 18:09:57.799266422,Service Business,Delivery,6,35.3,2.01,615.87,112.36,0,0,1,3,Completed
2025-06-08 21:04:44.494831610,Logistics,Supplier coordination,5,43.9,0.36,180.0,54.09,0,2,2,2,Completed
2025-06-08 23:59:31.190396800,Retail,Order processing,8,21.3,1.4,557.59,72.8,0,0,5,3,Completed
2025-06-09 02:54:17.885961988,Logistics,Stock handling,9,22.0,0.74,454.57,42.91,0,0,7,2,Completed
2025-06-09 05:49:04.581527176,Restaurant,Payment,4,18.3,3.31,333.03,149.11,0,2,2,0,Completed
2025-06-09 08:43:51.277092364,Retail,Order processing,9,25.8,2.61,854.64,194.01,0,2,7,1,Completed
2025-06-09 11:38:37.972657552,Logistics,Booking,7,11.5,1.59,680.98,91.25,0,0,3,0,Completed
2025-06-09 14:33:24.668222742,Restaurant,Supplier coordination,4,40.6,1.89,300.29,124.07,0,0,4,0,Completed
2025-06-09 17:28:11.363787930,Service Business,Stock handling,7,32.9,2.22,732.9,116.37,0,0,4,1,Completed
2025-06-09 20:22:58.059353118,Restaurant,Payment,5,7.9,1.34,425.04,72.45,0,0,4,0,Completed
2025-06-09 23:17:44.754918306,Clinic,Order processing,7,35.2,0.23,634.03,17.91,0,1,6,1,Completed
2025-06-10 02:12:31.450483494,Restaurant,Complaint handling,5,36.3,1.93,337.91,88.2,0,1,2,3,Completed
2025-06-10 05:07:18.146048684,Restaurant,Follow-up,10,28.5,0.5,663.11,34.3,0,1,5,1,Completed
2025-06-10 08:02:04.841613872,Clinic,Booking,5,20.2,1.11,356.53,65.9,0,2,5,2,Completed
2025-06-10 10:56:51.537179060,Logistics,Complaint handling,12,39.8,1.41,1275.74,105.32,0,0,4,5,Completed
2025-06-10 13:51:38.232744248,Logistics,Delivery,7,33.6,1.87,473.16,111.95,0,1,5,1,Completed
2025-06-10 16:46:24.928309436,Restaurant,Delivery,6,37.1,2.04,265.59,179.14,1,0,5,3,Delayed
2025-06-10 19:41:11.623874626,Clinic,Order processing,6,22.9,0.53,441.09,30.25,0,1,4,2,Completed
2025-06-10 22:35:58.319439814,Clinic,Delivery,5,40.0,0.67,324.53,51.06,1,0,5,3,Delayed
2025-06-11 01:30:45.015005002,Service Business,Booking,7,29.4,1.86,707.07,107.72,0,1,5,4,Completed
2025-06-11 04:25:31.710570190,Logistics,Payment,13,13.4,2.55,1059.58,106.78,0,0,8,4,Completed
2025-06-11 07:20:18.406135378,Retail,Appointment,10,47.3,1.26,881.33,44.75,0,5,6,2,Completed
2025-06-11 10:15:05.101700568,Logistics,Customer enquiry,10,15.7,1.48,1018.61,104.38,0,0,8,1,Completed
2025-06-11 13:09:51.797265756,Logistics,Supplier coordination,7,42.8,0.37,594.04,43.27,0,4,5,2,Completed
2025-06-11 16:04:38.492830944,Service Business,Payment,6,11.7,2.17,339.48,126.0,0,0,4,1,Completed
2025-06-11 18:59:25.188396132,Retail,Appointment,4,21.4,2.1,346.2,106.85,0,0,2,0,Completed
2025-06-11 21:54:11.883961320,Service Business,Stock handling,6,27.9,2.86,627.72,111.44,0,0,6,0,Completed
2025-06-12 00:48:58.579526510,Retail,Booking,4,23.0,1.45,312.1,74.07,0,0,3,1,Completed
2025-06-12 03:43:45.275091698,Restaurant,Complaint handling,5,31.7,4.82,398.83,341.19,0,0,3,0,Completed
2025-06-12 06:38:31.970656886,Retail,Appointment,8,21.2,0.95,533.73,64.36,0,0,2,3,Completed
2025-06-12 09:33:18.666222074,Service Business,Booking,7,14.6,1.62,577.83,163.01,0,0,5,0,Completed
2025-06-12 12:28:05.361787262,Logistics,Follow-up,6,37.0,4.58,529.11,184.14,0,1,6,1,Completed
2025-06-12 15:22:52.057352452,Retail,Complaint handling,7,40.3,2.83,725.93,165.07,0,2,6,1,Completed
2025-06-12 18:17:38.752917640,Retail,Delivery,6,48.5,1.68,699.06,132.0,1,1,4,2,Delayed
2025-06-12 21:12:25.448482828,Clinic,Delivery,9,42.0,0.93,803.65,64.8,0,5,3,3,Completed
2025-06-13 00:07:12.144048016,Logistics,Complaint handling,2,31.3,0.41,222.71,29.96,0,0,2,2,Completed
2025-06-13 03:01:58.839613204,Restaurant,Stock handling,9,28.3,0.62,770.17,97.04,0,0,7,2,Completed
2025-06-13 05:56:45.535178394,Service Business,Stock handling,6,26.4,0.87,549.81,47.93,1,0,5,2,Delayed
2025-06-13 08:51:32.230743582,Restaurant,Stock handling,6,26.0,2.87,808.7,130.17,0,0,4,2,Completed
2025-06-13 11:46:18.926308770,Logistics,Appointment,15,23.2,2.97,1141.64,146.16,0,2,9,2,Completed
2025-06-13 14:41:05.621873958,Retail,Supplier coordination,4,38.3,5.47,214.02,205.77,1,1,1,1,Delayed
2025-06-13 17:35:52.317439146,Retail,Appointment,5,18.0,1.53,633.89,116.75,0,0,1,1,Completed
2025-06-13 20:30:39.013004336,Logistics,Order processing,6,32.8,1.14,557.83,62.63,0,2,6,1,Completed
2025-06-13 23:25:25.708569524,Retail,Customer enquiry,9,14.8,2.03,473.07,108.31,0,0,6,2,Completed
2025-06-14 02:20:12.404134712,Retail,Complaint handling,7,34.0,1.04,523.77,83.53,0,0,4,4,Completed
2025-06-14 05:14:59.099699900,Retail,Payment,9,29.8,0.8,794.14,79.49,1,2,7,3,Delayed
2025-06-14 08:09:45.795265088,Service Business,Customer enquiry,9,24.0,0.74,556.22,77.32,0,2,3,2,Completed
2025-06-14 11:04:32.490830278,Service Business,Follow-up,11,24.1,3.09,561.1,238.58,0,0,5,3,Completed
2025-06-14 13:59:19.186395466,Clinic,Appointment,12,30.9,0.32,1153.43,40.89,0,2,8,3,Completed
2025-06-14 16:54:05.881960654,Restaurant,Appointment,10,28.4,1.69,375.01,109.31,0,1,5,3,Completed
2025-06-14 19:48:52.577525842,Logistics,Booking,4,19.9,2.14,266.57,124.28,0,0,3,0,Completed
2025-06-14 22:43:39.273091030,Logistics,Customer enquiry,6,23.7,1.02,396.6,49.71,0,0,6,1,Completed
2025-06-15 01:38:25.968656220,Logistics,Booking,4,12.4,2.3,224.65,128.96,0,1,3,0,Completed
2025-06-15 04:33:12.664221408,Clinic,Payment,7,19.4,3.87,492.31,167.39,0,0,6,0,Completed
2025-06-15 07:27:59.359786596,Service Business,Booking,5,27.9,0.73,368.2,66.28,0,0,2,1,Completed
2025-06-15 10:22:46.055351784,Clinic,Customer enquiry,7,17.7,1.48,79.19,65.3,0,0,3,1,Completed
2025-06-15 13:17:32.750916972,Logistics,Complaint handling,3,33.0,0.88,252.27,65.62,0,1,3,1,Completed
2025-06-15 16:12:19.446482162,Restaurant,Follow-up,9,27.5,0.72,865.07,160.13,0,0,5,2,Completed
2025-06-15 19:07:06.142047350,Retail,Appointment,6,25.8,2.81,661.93,209.44,0,0,5,1,Completed
2025-06-15 22:01:52.837612538,Service Business,Payment,8,18.9,1.45,615.05,167.5,0,0,5,1,Completed
2025-06-16 00:56:39.533177726,Service Business,Appointment,10,18.9,3.73,306.14,158.16,0,0,6,1,Completed
2025-06-16 03:51:26.228742914,Clinic,Order processing,5,18.9,0.28,482.08,87.68,0,0,5,2,Completed
2025-06-16 06:46:12.924308104,Service Business,Follow-up,10,26.3,1.29,795.91,67.44,0,3,6,2,Completed
2025-06-16 09:40:59.619873292,Logistics,Supplier coordination,8,39.4,0.96,756.57,97.1,0,3,5,0,Completed
2025-06-16 12:35:46.315438480,Logistics,Booking,5,21.0,0.28,402.02,36.9,0,1,1,1,Completed
2025-06-16 15:30:33.011003668,Clinic,Delivery,8,42.1,1.91,721.4,118.65,0,1,5,5,Completed
2025-06-16 18:25:19.706568856,Logistics,Customer enquiry,10,20.1,1.36,580.55,70.45,0,1,8,1,Completed
2025-06-16 21:20:06.402134046,Restaurant,Appointment,11,22.3,1.8,579.32,131.82,0,1,6,5,Completed
2025-06-17 00:14:53.097699234,Clinic,Booking,6,18.0,0.85,451.08,51.17,0,0,5,1,Completed
2025-06-17 03:09:39.793264422,Restaurant,Payment,16,20.6,2.52,1235.17,125.38,0,0,10,4,Completed
2025-06-17 06:04:26.488829610,Retail,Appointment,4,27.5,5.05,241.24,271.51,0,0,3,1,Completed
2025-06-17 08:59:13.184394798,Restaurant,Supplier coordination,7,38.8,1.61,424.59,110.58,0,3,3,2,Completed
2025-06-17 11:53:59.879959988,Retail,Follow-up,7,28.0,1.17,418.97,129.57,0,0,4,3,Completed
2025-06-17 14:48:46.575525176,Retail,Follow-up,7,26.8,1.55,725.47,110.26,0,3,5,4,Completed
2025-06-17 17:43:33.271090364,Restaurant,Appointment,4,22.5,1.76,227.57,85.47,0,0,1,0,Completed
2025-06-17 20:38:19.966655552,Clinic,Payment,8,16.8,0.32,714.28,76.98,0,0,6,3,Completed
2025-06-17 23:33:06.662220740,Logistics,Follow-up,7,22.3,2.37,424.02,146.83,0,0,4,2,Completed
2025-06-18 02:27:53.357785930,Logistics,Follow-up,4,25.9,1.3,352.12,64.44,0,0,3,2,Completed
2025-06-18 05:22:40.053351118,Retail,Supplier coordination,6,47.0,2.12,648.08,101.96,0,4,2,1,Completed
2025-06-18 08:17:26.748916306,Retail,Customer enquiry,8,15.4,2.71,819.49,181.32,0,0,6,0,Completed
2025-06-18 11:12:13.444481494,Clinic,Payment,11,9.2,5.72,786.78,204.18,0,0,7,1,Completed
2025-06-18 14:07:00.140046682,Service Business,Payment,8,10.3,1.73,671.89,67.26,0,0,7,2,Completed
2025-06-18 17:01:46.835611872,Restaurant,Complaint handling,5,38.9,1.41,341.33,118.81,0,1,5,1,Completed
2025-06-18 19:56:33.531177060,Retail,Complaint handling,11,29.4,0.99,1085.74,80.28,0,3,4,5,Completed
2025-06-18 22:51:20.226742248,Logistics,Follow-up,3,39.0,1.13,229.0,101.13,0,0,1,0,Completed
2025-06-19 01:46:06.922307436,Clinic,Delivery,4,41.0,2.58,431.84,144.64,0,1,3,0,Completed
2025-06-19 04:40:53.617872624,Restaurant,Complaint handling,4,37.8,0.56,227.83,115.08,0,2,2,1,Completed
2025-06-19 07:35:40.313437814,Clinic,Follow-up,6,25.8,2.5,362.59,150.68,1,3,2,1,Delayed
2025-06-19 10:30:27.009003002,Restaurant,Stock handling,4,26.9,1.66,368.01,130.59,0,1,4,0,Completed
2025-06-19 13:25:13.704568190,Restaurant,Order processing,9,29.5,2.28,788.34,114.87,0,3,2,2,Completed
2025-06-19 16:20:00.400133378,Retail,Order processing,10,28.4,1.98,1181.61,77.25,0,1,5,1,Completed
2025-06-19 19:14:47.095698566,Clinic,Payment,9,11.4,2.63,651.17,142.84,0,0,6,1,Completed
2025-06-19 22:09:33.791263756,Clinic,Delivery,15,52.3,1.84,987.33,75.18,0,2,8,4,Completed
2025-06-20 01:04:20.486828944,Logistics,Supplier coordination,7,43.0,2.04,457.55,133.46,0,2,2,4,Completed
2025-06-20 03:59:07.182394132,Logistics,Customer enquiry,6,22.8,1.84,430.21,104.76,0,0,3,2,Completed
2025-06-20 06:53:53.877959320,Retail,Complaint handling,7,37.6,2.6,601.77,131.75,1,1,4,4,Delayed
2025-06-20 09:48:40.573524508,Retail,Stock handling,7,22.4,1.08,292.32,151.92,0,1,3,1,Completed
2025-06-20 12:43:27.269089698,Service Business,Follow-up,6,27.8,0.72,305.23,52.77,0,0,5,2,Completed
2025-06-20 15:38:13.964654886,Logistics,Delivery,4,34.7,2.4,331.91,142.73,1,0,3,1,Delayed
2025-06-20 18:33:00.660220074,Restaurant,Payment,12,17.8,2.4,1034.01,176.93,0,0,6,0,Completed
2025-06-20 21:27:47.355785262,Clinic,Complaint handling,6,32.2,1.16,425.34,82.41,0,1,6,0,Completed
2025-06-21 00:22:34.051350450,Retail,Delivery,5,40.9,6.9,440.09,284.59,0,1,5,1,Completed
2025-06-21 03:17:20.746915640,Clinic,Complaint handling,6,31.7,0.52,267.32,50.32,1,3,2,2,Delayed
2025-06-21 06:12:07.442480828,Clinic,Customer enquiry,6,21.2,0.59,369.74,90.75,0,0,4,2,Completed
2025-06-21 09:06:54.138046016,Service Business,Customer enquiry,4,13.1,1.16,244.56,91.71,0,0,2,1,Completed
2025-06-21 12:01:40.833611204,Logistics,Supplier coordination,14,50.3,1.38,821.67,81.61,0,4,5,7,Completed
2025-06-21 14:56:27.529176392,Retail,Order processing,6,22.0,2.55,577.78,123.62,0,1,5,1,Completed
2025-06-21 17:51:14.224741582,Clinic,Booking,10,26.5,2.59,989.16,146.17,0,0,4,2,Completed
2025-06-21 20:46:00.920306770,Retail,Booking,9,12.5,0.54,256.89,76.06,0,0,6,1,Completed
2025-06-21 23:40:47.615871958,Restaurant,Complaint handling,12,31.4,1.34,414.12,66.86,0,2,6,5,Completed
2025-06-22 02:35:34.311437146,Service Business,Supplier coordination,6,37.5,1.41,484.81,74.33,0,2,2,3,Completed
2025-06-22 05:30:21.007002334,Restaurant,Booking,12,16.6,2.03,778.45,137.24,0,0,9,0,Completed
2025-06-22 08:25:07.702567524,Retail,Payment,6,24.8,3.0,450.23,108.64,0,0,5,1,Completed
2025-06-22 11:19:54.398132712,Retail,Booking,7,13.2,0.57,595.55,51.85,1,1,4,1,Delayed
2025-06-22 14:14:41.093697900,Logistics,Appointment,8,25.3,1.05,936.5,90.65,0,3,5,2,Completed
2025-06-22 17:09:27.789263088,Clinic,Follow-up,4,33.0,0.23,305.48,45.04,0,1,4,0,Completed
2025-06-22 20:04:14.484828276,Clinic,Supplier coordination,13,36.9,2.03,1259.13,152.23,0,2,10,4,Completed
2025-06-22 22:59:01.180393464,Restaurant,Payment,4,12.1,1.67,273.83,119.28,1,0,2,1,Delayed
2025-06-23 01:53:47.875958654,Service Business,Delivery,5,40.3,1.38,440.27,112.47,0,4,5,0,Completed
2025-06-23 04:48:34.571523842,Clinic,Payment,6,11.9,2.74,561.45,206.44,0,0,4,0,Completed
2025-06-23 07:43:21.267089030,Logistics,Order processing,4,32.9,3.12,266.61,289.72,0,0,3,3,Completed
2025-06-23 10:38:07.962654218,Restaurant,Delivery,6,35.2,3.01,378.59,205.29,1,1,5,1,Delayed
2025-06-23 13:32:54.658219406,Restaurant,Stock handling,3,29.1,0.59,202.48,49.63,0,1,1,2,Completed
2025-06-23 16:27:41.353784596,Logistics,Follow-up,3,25.5,1.07,291.39,94.52,0,2,1,1,Completed
2025-06-23 19:22:28.049349784,Service Business,Follow-up,3,27.2,1.71,281.94,130.2,0,0,2,0,Completed
2025-06-23 22:17:14.744914972,Logistics,Follow-up,10,28.8,1.22,231.65,82.47,0,0,7,3,Completed
2025-06-24 01:12:01.440480160,Service Business,Follow-up,8,26.4,3.9,549.84,191.49,0,0,4,5,Completed
2025-06-24 04:06:48.136045348,Logistics,Complaint handling,7,45.4,3.04,612.3,127.56,0,3,6,3,Completed
2025-06-24 07:01:34.831610538,Logistics,Follow-up,3,28.0,1.34,336.77,120.39,0,0,3,0,Completed
2025-06-24 09:56:21.527175726,Retail,Follow-up,5,40.2,1.2,379.01,55.06,0,1,4,0,Completed
2025-06-24 12:51:08.222740914,Restaurant,Follow-up,4,34.7,0.76,344.96,51.66,0,0,3,1,Completed
2025-06-24 15:45:54.918306102,Logistics,Supplier coordination,6,36.1,2.29,481.48,140.31,0,0,6,0,Completed
2025-06-24 18:40:41.613871290,Logistics,Complaint handling,6,29.5,2.47,399.0,83.85,1,0,4,2,Delayed
2025-06-24 21:35:28.309436480,Clinic,Customer enquiry,3,15.9,0.45,145.26,71.94,0,0,3,0,Completed
2025-06-25 00:30:15.005001668,Restaurant,Payment,8,15.6,0.39,403.6,29.62,0,0,4,3,Completed
2025-06-25 03:25:01.700566856,Clinic,Payment,6,8.9,0.59,571.91,41.09,0,0,6,2,Completed
2025-06-25 06:19:48.396132044,Restaurant,Delivery,14,35.7,3.5,1129.09,158.92,0,4,9,5,Completed
2025-06-25 09:14:35.091697232,Clinic,Supplier coordination,6,41.6,2.97,370.67,173.84,1,2,3,3,Delayed
2025-06-25 12:09:21.787262422,Logistics,Appointment,5,36.9,1.73,233.02,60.2,0,1,3,2,Completed
2025-06-25 15:04:08.482827610,Logistics,Payment,7,18.2,1.81,665.1,91.79,0,0,4,1,Completed
2025-06-25 17:58:55.178392798,Retail,Booking,5,30.1,0.41,280.57,115.19,0,0,4,2,Completed
2025-06-25 20:53:41.873957986,Clinic,Appointment,3,23.0,4.81,278.62,259.89,0,0,3,0,Completed
2025-06-25 23:48:28.569523174,Service Business,Follow-up,12,29.3,3.4,901.43,199.76,0,1,11,4,Completed
2025-06-26 02:43:15.265088364,Retail,Follow-up,4,28.1,1.32,308.25,98.86,0,1,3,1,Completed
2025-06-26 05:38:01.960653552,Clinic,Complaint handling,7,35.2,1.97,815.58,132.09,0,2,5,1,Completed
2025-06-26 08:32:48.656218740,Clinic,Appointment,5,17.4,1.07,159.18,40.62,0,0,4,1,Completed
2025-06-26 11:27:35.351783928,Retail,Booking,7,19.0,1.41,410.71,77.72,0,0,4,0,Completed
2025-06-26 14:22:22.047349116,Logistics,Complaint handling,4,33.0,0.6,452.71,60.09,0,1,2,3,Completed
2025-06-26 17:17:08.742914306,Clinic,Delivery,5,37.3,1.46,492.83,102.08,0,0,1,2,Completed
2025-06-26 20:11:55.438479494,Logistics,Appointment,12,18.8,0.8,872.31,71.9,0,2,7,2,Completed
2025-06-26 23:06:42.134044682,Retail,Supplier coordination,11,37.3,1.34,1309.82,62.77,0,2,4,3,Completed
2025-06-27 02:01:28.829609870,Logistics,Follow-up,11,26.0,2.5,1100.91,160.02,0,1,9,3,Completed
2025-06-27 04:56:15.525175058,Restaurant,Follow-up,6,24.5,0.67,398.98,52.08,0,0,3,2,Completed
2025-06-27 07:51:02.220740248,Service Business,Order processing,7,27.0,0.98,380.74,75.27,0,0,6,4,Completed
2025-06-27 10:45:48.916305436,Clinic,Complaint handling,8,31.4,0.2,870.27,92.24,0,1,7,1,Completed
2025-06-27 13:40:35.611870624,Service Business,Customer enquiry,8,27.4,0.78,480.85,95.16,0,2,3,2,Completed
2025-06-27 16:35:22.307435812,Logistics,Customer enquiry,9,15.6,2.87,751.46,163.59,0,0,7,0,Completed
2025-06-27 19:30:09.003001000,Clinic,Complaint handling,9,49.2,2.67,998.37,213.38,0,4,6,1,Completed
2025-06-27 22:24:55.698566190,Logistics,Supplier coordination,5,45.7,1.39,409.86,82.6,0,1,4,0,Completed
2025-06-28 01:19:42.394131378,Restaurant,Stock handling,8,25.6,1.87,625.81,112.6,0,0,6,1,Completed
2025-06-28 04:14:29.089696566,Retail,Complaint handling,5,31.0,0.31,206.28,108.07,0,1,4,2,Completed
2025-06-28 07:09:15.785261754,Clinic,Supplier coordination,7,41.4,0.73,699.58,81.37,1,1,4,4,Delayed
2025-06-28 10:04:02.480826942,Restaurant,Delivery,11,42.7,0.61,418.33,82.0,1,5,6,4,Delayed
2025-06-28 12:58:49.176392132,Restaurant,Follow-up,8,30.3,2.44,862.07,132.37,0,1,5,2,Completed
2025-06-28 15:53:35.871957320,Clinic,Booking,3,18.6,0.87,122.89,94.29,0,0,3,0,Completed
2025-06-28 18:48:22.567522508,Logistics,Stock handling,6,28.4,1.28,358.62,157.5,0,0,4,2,Completed
2025-06-28 21:43:09.263087696,Restaurant,Appointment,7,22.5,3.56,725.93,174.15,0,1,5,3,Completed
2025-06-29 00:37:55.958652884,Service Business,Stock handling,8,23.4,0.84,878.73,40.85,0,1,4,1,Completed
2025-06-29 03:32:42.654218074,Restaurant,Booking,10,11.1,0.41,800.8,19.97,0,0,10,0,Completed
2025-06-29 06:27:29.349783262,Logistics,Order processing,7,26.2,0.22,490.36,44.36,0,1,2,0,Completed
2025-06-29 09:22:16.045348450,Logistics,Follow-up,12,22.8,3.1,976.45,142.59,0,2,8,2,Completed
2025-06-29 12:17:02.740913638,Service Business,Customer enquiry,12,13.3,0.72,417.52,98.34,0,0,9,1,Completed
2025-06-29 15:11:49.436478826,Restaurant,Supplier coordination,10,39.9,4.11,1020.23,202.07,0,1,5,5,Completed
2025-06-29 18:06:36.132044016,Logistics,Complaint handling,5,42.8,1.32,321.76,84.95,0,1,2,0,Completed
2025-06-29 21:01:22.827609204,Clinic,Complaint handling,4,30.0,0.53,289.64,105.41,0,2,3,0,Completed
2025-06-29 23:56:09.523174392,Retail,Customer enquiry,7,14.5,2.17,559.1,150.45,0,0,7,0,Completed
2025-06-30 02:50:56.218739580,Retail,Stock handling,5,36.8,2.17,420.52,160.03,1,3,3,2,Delayed
2025-06-30 05:45:42.914304768,Retail,Follow-up,3,37.8,2.71,263.47,134.29,1,1,3,1,Delayed
2025-06-30 08:40:29.609869958,Restaurant,Payment,7,11.5,0.8,734.72,91.02,0,0,6,0,Completed
2025-06-30 11:35:16.305435146,Service Business,Supplier coordination,11,38.8,0.99,1165.44,97.19,0,1,9,3,Completed
2025-06-30 14:30:03.001000334,Logistics,Delivery,10,35.5,0.78,773.34,62.47,0,1,7,0,Completed
2025-06-30 17:24:49.696565522,Clinic,Booking,7,14.6,2.04,659.19,133.4,0,0,6,3,Completed
2025-06-30 20:19:36.392130710,Clinic,Stock handling,12,25.7,0.95,1165.71,68.12,0,1,4,4,Completed
2025-06-30 23:14:23.087695900,Restaurant,Appointment,4,20.1,1.82,159.05,110.14,0,1,2,0,Completed
2025-07-01 02:09:09.783261088,Retail,Order processing,8,30.4,0.43,546.94,42.93,0,0,6,1,Completed
2025-07-01 05:03:56.478826276,Restaurant,Complaint handling,7,29.2,1.83,406.42,82.47,0,1,4,1,Completed
2025-07-01 07:58:43.174391464,Service Business,Stock handling,7,26.6,1.74,550.04,80.84,0,0,5,3,Completed
2025-07-01 10:53:29.869956652,Service Business,Order processing,5,34.4,0.79,528.12,54.94,0,0,3,2,Completed
2025-07-01 13:48:16.565521842,Logistics,Booking,7,11.7,1.73,665.95,96.26,0,0,4,1,Completed
2025-07-01 16:43:03.261087030,Logistics,Complaint handling,9,37.3,0.42,864.34,43.63,0,4,4,2,Completed
2025-07-01 19:37:49.956652218,Service Business,Complaint handling,7,30.2,1.03,485.21,64.44,0,3,6,1,Completed
2025-07-01 22:32:36.652217406,Service Business,Payment,12,16.0,0.63,832.65,46.28,0,0,10,4,Completed
2025-07-02 01:27:23.347782594,Service Business,Stock handling,6,32.0,1.63,388.36,60.84,0,1,4,3,Completed
2025-07-02 04:22:10.043347784,Restaurant,Follow-up,6,32.3,1.13,349.73,94.61,0,1,5,3,Completed
2025-07-02 07:16:56.738912972,Service Business,Customer enquiry,9,20.2,2.31,816.11,125.93,0,1,3,1,Completed
2025-07-02 10:11:43.434478160,Clinic,Customer enquiry,7,22.7,0.71,461.47,48.79,0,1,7,1,Completed
2025-07-02 13:06:30.130043348,Retail,Delivery,5,49.2,0.92,246.94,59.71,0,1,3,2,Completed
2025-07-02 16:01:16.825608536,Service Business,Appointment,6,20.2,0.54,505.95,100.99,0,1,6,1,Completed
2025-07-02 18:56:03.521173726,Retail,Order processing,8,26.6,4.29,635.86,254.07,0,1,5,0,Completed
2025-07-02 21:50:50.216738914,Restaurant,Stock handling,8,28.6,0.13,676.29,22.98,0,0,6,3,Completed
2025-07-03 00:45:36.912304102,Retail,Supplier coordination,5,57.3,3.47,549.14,120.12,0,4,2,3,Completed
2025-07-03 03:40:23.607869290,Restaurant,Appointment,3,15.1,3.58,235.58,113.0,0,0,2,0,Completed
2025-07-03 06:35:10.303434478,Clinic,Payment,6,16.4,1.09,383.21,49.56,0,1,6,0,Completed
2025-07-03 09:29:56.998999668,Restaurant,Complaint handling,5,37.6,0.85,318.55,88.9,0,0,3,2,Completed
2025-07-03 12:24:43.694564856,Restaurant,Follow-up,6,37.5,1.36,341.1,87.21,0,2,2,0,Completed
2025-07-03 15:19:30.390130044,Logistics,Stock handling,6,25.8,0.64,366.94,72.08,0,1,5,4,Completed
2025-07-03 18:14:17.085695232,Service Business,Appointment,7,25.6,1.1,353.44,70.59,0,0,7,0,Completed
2025-07-03 21:09:03.781260420,Service Business,Appointment,6,19.3,2.8,483.67,154.82,0,1,3,0,Completed
2025-07-04 00:03:50.476825610,Clinic,Follow-up,7,24.6,0.35,441.88,44.25,0,1,4,2,Completed
2025-07-04 02:58:37.172390798,Clinic,Delivery,7,42.6,2.21,565.77,80.06,0,3,4,2,Completed
2025-07-04 05:53:23.867955986,Service Business,Order processing,9,20.5,1.3,630.1,123.52,0,1,4,2,Completed
2025-07-04 08:48:10.563521174,Logistics,Order processing,3,23.3,5.35,227.01,284.74,0,0,2,0,Completed
2025-07-04 11:42:57.259086362,Service Business,Appointment,8,17.1,1.48,932.56,92.23,0,0,6,1,Completed
2025-07-04 14:37:43.954651552,Logistics,Booking,12,10.4,0.72,1238.11,91.65,0,0,7,1,Completed
2025-07-04 17:32:30.650216740,Clinic,Appointment,3,18.5,1.04,132.4,63.18,0,1,3,0,Completed
2025-07-04 20:27:17.345781928,Retail,Appointment,8,31.1,1.09,516.71,138.27,1,0,6,3,Delayed
2025-07-04 23:22:04.041347116,Clinic,Follow-up,6,44.0,3.46,217.46,193.74,0,0,5,0,Completed
2025-07-05 02:16:50.736912304,Clinic,Complaint handling,10,38.4,1.38,691.52,80.06,0,2,8,3,Completed
2025-07-05 05:11:37.432477494,Restaurant,Follow-up,5,30.9,1.69,426.55,165.62,0,1,0,1,Completed
2025-07-05 08:06:24.128042682,Restaurant,Stock handling,3,38.8,1.09,304.82,81.78,0,0,3,2,Completed
2025-07-05 11:01:10.823607870,Restaurant,Appointment,7,21.3,0.65,703.57,38.27,0,1,3,1,Completed
2025-07-05 13:55:57.519173058,Restaurant,Order processing,4,24.3,0.37,339.98,58.24,0,0,3,1,Completed
2025-07-05 16:50:44.214738246,Logistics,Supplier coordination,7,39.8,3.63,402.36,167.36,0,0,3,3,Completed
2025-07-05 19:45:30.910303436,Service Business,Order processing,6,31.4,1.74,579.48,148.21,0,1,4,0,Completed
2025-07-05 22:40:17.605868624,Retail,Customer enquiry,7,25.1,1.12,553.52,72.69,0,0,4,2,Completed
2025-07-06 01:35:04.301433812,Clinic,Delivery,8,48.1,1.47,657.4,144.86,0,0,4,4,Completed
2025-07-06 04:29:50.996999000,Logistics,Payment,4,10.6,1.58,483.82,126.19,0,0,1,0,Completed
2025-07-06 07:24:37.692564188,Retail,Stock handling,8,26.2,2.54,457.83,175.47,0,0,5,3,Completed
2025-07-06 10:19:24.388129376,Logistics,Stock handling,7,31.8,0.6,865.43,64.75,0,0,6,3,Completed
2025-07-06 13:14:11.083694566,Logistics,Delivery,9,58.9,2.91,1058.07,184.24,0,5,5,0,Completed
2025-07-06 16:08:57.779259754,Clinic,Supplier coordination,11,41.7,1.04,874.46,48.39,0,2,8,2,Completed
2025-07-06 19:03:44.474824942,Service Business,Payment,6,8.0,1.69,493.53,123.3,0,0,5,0,Completed
2025-07-06 21:58:31.170390130,Restaurant,Complaint handling,7,40.1,0.52,437.11,38.18,1,1,3,3,Delayed
2025-07-07 00:53:17.865955318,Service Business,Appointment,7,16.1,0.51,575.29,67.97,0,0,7,2,Completed
2025-07-07 03:48:04.561520508,Clinic,Payment,8,29.0,0.51,640.45,69.2,0,0,5,2,Completed
2025-07-07 06:42:51.257085696,Clinic,Supplier coordination,6,45.9,0.28,377.1,40.92,0,2,3,2,Completed
2025-07-07 09:37:37.952650884,Clinic,Booking,10,19.2,1.84,622.74,69.65,0,0,5,0,Completed
2025-07-07 12:32:24.648216072,Retail,Customer enquiry,10,18.5,1.4,727.43,141.71,1,1,5,3,Delayed
2025-07-07 15:27:11.343781260,Service Business,Payment,8,10.6,1.16,622.38,74.8,0,0,6,2,Completed
2025-07-07 18:21:58.039346450,Service Business,Payment,3,16.9,0.57,120.97,38.71,0,0,2,0,Completed
2025-07-07 21:16:44.734911638,Logistics,Customer enquiry,14,13.9,3.73,1439.17,143.99,0,0,9,2,Completed
2025-07-08 00:11:31.430476826,Logistics,Appointment,8,18.2,0.19,536.43,57.27,0,1,5,1,Completed
2025-07-08 03:06:18.126042014,Logistics,Payment,7,19.2,2.24,499.72,142.84,0,1,6,0,Completed
2025-07-08 06:01:04.821607202,Clinic,Customer enquiry,7,16.6,0.56,573.35,58.12,0,0,5,0,Completed
2025-07-08 08:55:51.517172392,Service Business,Customer enquiry,3,20.1,2.12,216.36,84.66,0,0,1,0,Completed
2025-07-08 11:50:38.212737580,Clinic,Customer enquiry,11,20.1,3.09,1133.73,190.35,0,1,8,1,Completed
2025-07-08 14:45:24.908302768,Retail,Follow-up,6,28.7,0.82,430.47,66.09,0,0,4,1,Completed
2025-07-08 17:40:11.603867956,Logistics,Supplier coordination,7,41.2,0.44,456.17,40.07,1,2,2,4,Delayed
2025-07-08 20:34:58.299433144,Clinic,Follow-up,7,33.2,0.52,641.48,38.41,0,1,5,1,Completed
2025-07-08 23:29:44.994998334,Clinic,Booking,9,20.5,1.43,852.5,70.27,0,1,8,0,Completed
2025-07-09 02:24:31.690563522,Retail,Complaint handling,6,31.0,1.44,798.42,139.64,0,0,6,1,Completed
2025-07-09 05:19:18.386128710,Restaurant,Follow-up,6,26.4,0.77,217.8,160.99,0,0,3,2,Completed
2025-07-09 08:14:05.081693898,Service Business,Follow-up,7,26.5,5.22,557.76,324.9,0,2,7,1,Completed
2025-07-09 11:08:51.777259086,Restaurant,Supplier coordination,8,38.6,1.98,743.84,102.88,0,1,1,4,Completed
2025-07-09 14:03:38.472824276,Logistics,Complaint handling,4,40.2,0.74,231.93,87.9,0,1,4,0,Completed
2025-07-09 16:58:25.168389464,Clinic,Delivery,2,38.6,2.18,217.87,130.35,0,0,1,1,Completed
2025-07-09 19:53:11.863954652,Retail,Customer enquiry,6,13.1,0.5,377.64,32.92,0,0,3,1,Completed
2025-07-09 22:47:58.559519840,Retail,Stock handling,4,35.2,5.0,322.42,253.81,0,0,3,0,Completed
2025-07-10 01:42:45.255085028,Service Business,Complaint handling,7,31.0,1.23,713.48,73.85,0,0,5,1,Completed
2025-07-10 04:37:31.950650218,Restaurant,Booking,4,10.2,0.97,215.84,47.25,0,0,1,1,Completed
2025-07-10 07:32:18.646215406,Service Business,Appointment,6,23.3,2.48,450.44,84.66,0,0,2,0,Completed
2025-07-10 10:27:05.341780594,Clinic,Booking,8,12.3,1.01,759.13,70.98,0,0,3,2,Completed
2025-07-10 13:21:52.037345782,Service Business,Customer enquiry,12,14.9,1.97,975.83,117.28,0,1,9,3,Completed
2025-07-10 16:16:38.732910970,Retail,Complaint handling,4,36.8,2.52,370.83,173.34,0,0,4,0,Completed
2025-07-10 19:11:25.428476160,Retail,Booking,7,16.8,1.0,669.12,53.98,0,0,6,3,Completed
2025-07-10 22:06:12.124041348,Logistics,Booking,8,18.3,2.47,530.91,152.3,1,3,6,3,Delayed
2025-07-11 01:00:58.819606536,Logistics,Delivery,5,36.8,1.35,568.06,92.41,0,0,3,0,Completed
2025-07-11 03:55:45.515171724,Clinic,Delivery,9,46.0,2.03,535.59,121.85,1,5,6,3,Delayed
2025-07-11 06:50:32.210736912,Restaurant,Complaint handling,6,39.6,1.74,647.12,132.52,0,1,6,3,Completed
2025-07-11 09:45:18.906302102,Service Business,Customer enquiry,15,24.5,3.7,1286.01,148.87,0,2,7,3,Completed
2025-07-11 12:40:05.601867290,Clinic,Follow-up,8,23.4,0.43,515.54,55.95,0,0,4,3,Completed
2025-07-11 15:34:52.297432478,Logistics,Order processing,5,30.8,1.69,295.12,98.79,0,0,3,3,Completed
2025-07-11 18:29:38.992997666,Service Business,Payment,2,21.8,0.56,168.36,42.14,0,0,0,0,Completed
2025-07-11 21:24:25.688562854,Logistics,Stock handling,9,25.1,3.48,658.46,197.18,0,2,7,0,Completed
2025-07-12 00:19:12.384128044,Service Business,Payment,9,9.5,1.03,798.7,79.69,0,0,7,1,Completed
2025-07-12 03:13:59.079693232,Restaurant,Supplier coordination,8,36.1,1.49,584.13,44.82,0,1,5,4,Completed
2025-07-12 06:08:45.775258420,Clinic,Delivery,8,35.4,0.63,637.18,42.99,0,2,5,1,Completed
2025-07-12 09:03:32.470823608,Service Business,Complaint handling,6,35.1,1.14,535.56,123.95,0,2,4,4,Completed
2025-07-12 11:58:19.166388796,Retail,Payment,6,14.0,0.38,459.71,66.66,0,0,3,0,Completed
2025-07-12 14:53:05.861953986,Retail,Customer enquiry,6,14.8,0.16,434.11,31.7,0,0,3,0,Completed
2025-07-12 17:47:52.557519174,Service Business,Stock handling,9,22.1,2.08,772.51,126.22,0,0,3,2,Completed
2025-07-12 20:42:39.253084362,Service Business,Payment,10,20.8,1.12,699.36,55.55,1,4,6,4,Delayed
2025-07-12 23:37:25.948649550,Service Business,Stock handling,9,33.4,1.54,834.98,184.45,0,1,5,2,Completed
2025-07-13 02:32:12.644214738,Retail,Appointment,9,25.8,1.38,792.03,103.28,1,2,5,2,Delayed
2025-07-13 05:26:59.339779928,Retail,Customer enquiry,11,18.0,1.0,1027.09,45.89,0,0,9,1,Completed
2025-07-13 08:21:46.035345116,Service Business,Order processing,3,31.3,2.16,279.72,137.15,0,1,3,2,Completed
2025-07-13 11:16:32.730910304,Logistics,Booking,6,14.4,3.29,435.07,170.15,0,0,1,0,Completed
2025-07-13 14:11:19.426475492,Logistics,Stock handling,6,22.4,0.59,204.11,52.51,0,0,5,1,Completed
2025-07-13 17:06:06.122040680,Restaurant,Customer enquiry,6,14.6,1.96,446.69,68.56,0,0,4,0,Completed
2025-07-13 20:00:52.817605870,Clinic,Stock handling,6,24.7,1.4,499.37,59.14,0,1,4,1,Completed
2025-07-13 22:55:39.513171058,Logistics,Stock handling,4,23.5,2.65,301.51,185.7,0,0,2,1,Completed
2025-07-14 01:50:26.208736246,Retail,Follow-up,9,30.4,0.34,559.44,60.16,0,2,6,5,Completed
2025-07-14 04:45:12.904301434,Logistics,Follow-up,9,22.4,0.48,947.59,47.21,0,1,5,1,Completed
2025-07-14 07:39:59.599866622,Restaurant,Customer enquiry,5,22.6,1.42,301.85,117.75,0,0,2,0,Completed
2025-07-14 10:34:46.295431812,Restaurant,Follow-up,7,27.6,2.78,440.8,197.97,0,0,5,4,Completed
2025-07-14 13:29:32.990997000,Clinic,Supplier coordination,5,38.3,2.7,340.78,170.1,0,2,4,1,Completed
2025-07-14 16:24:19.686562188,Logistics,Order processing,2,23.2,2.14,143.07,97.78,0,0,2,0,Completed
2025-07-14 19:19:06.382127376,Retail,Complaint handling,8,33.1,1.49,521.33,65.77,0,1,6,4,Completed
2025-07-14 22:13:53.077692564,Retail,Customer enquiry,8,24.1,1.75,620.59,96.32,0,2,6,1,Completed
2025-07-15 01:08:39.773257754,Service Business,Customer enquiry,4,27.3,1.24,321.19,137.19,0,2,2,0,Completed
2025-07-15 04:03:26.468822942,Retail,Supplier coordination,7,43.2,1.92,397.8,128.75,0,2,4,3,Completed
2025-07-15 06:58:13.164388130,Clinic,Delivery,8,45.7,1.76,428.55,131.12,0,3,5,2,Completed
2025-07-15 09:52:59.859953318,Clinic,Delivery,1,41.2,2.08,93.83,75.16,0,0,0,0,Completed
2025-07-15 12:47:46.555518506,Retail,Follow-up,6,30.8,3.44,461.66,140.57,0,0,5,1,Completed
2025-07-15 15:42:33.251083696,Retail,Complaint handling,3,34.1,0.35,300.16,60.28,0,0,3,1,Completed
2025-07-15 18:37:19.946648884,Service Business,Follow-up,10,30.8,0.79,920.85,31.03,0,4,5,4,Completed
2025-07-15 21:32:06.642214072,Retail,Appointment,3,21.8,1.62,214.55,84.47,0,0,3,0,Completed
2025-07-16 00:26:53.337779260,Service Business,Appointment,10,22.5,1.65,875.81,100.22,0,1,8,1,Completed
2025-07-16 03:21:40.033344448,Service Business,Booking,4,20.8,1.37,377.51,79.26,0,0,2,1,Completed
2025-07-16 06:16:26.728909638,Retail,Appointment,11,17.2,1.35,663.64,77.7,0,0,8,0,Completed
2025-07-16 09:11:13.424474826,Restaurant,Delivery,9,45.5,5.06,398.54,205.94,0,2,7,3,Completed
2025-07-16 12:06:00.120040014,Restaurant,Order processing,9,28.6,2.04,513.81,117.95,0,0,7,2,Completed
2025-07-16 15:00:46.815605202,Service Business,Appointment,10,15.8,0.2,906.06,81.94,0,0,6,0,Completed
2025-07-16 17:55:33.511170390,Retail,Follow-up,4,28.0,0.68,463.71,46.7,0,0,3,0,Completed
2025-07-16 20:50:20.206735580,Restaurant,Stock handling,9,22.0,3.54,694.98,151.14,0,0,7,3,Completed
2025-07-16 23:45:06.902300768,Retail,Customer enquiry,7,17.6,0.44,742.1,36.49,0,0,3,1,Completed
2025-07-17 02:39:53.597865956,Retail,Order processing,12,32.9,1.3,1177.07,64.17,0,1,10,2,Completed
2025-07-17 05:34:40.293431144,Retail,Order processing,7,20.0,2.79,438.31,140.75,0,1,6,1,Completed
2025-07-17 08:29:26.988996332,Logistics,Follow-up,9,26.5,1.31,688.9,75.74,0,0,6,1,Completed
2025-07-17 11:24:13.684561522,Retail,Customer enquiry,6,15.1,2.77,552.62,164.94,0,0,4,1,Completed
2025-07-17 14:19:00.380126710,Logistics,Delivery,7,37.0,1.74,365.18,123.3,0,0,4,1,Completed
2025-07-17 17:13:47.075691898,Service Business,Order processing,8,26.4,1.88,773.34,90.59,0,2,4,4,Completed
2025-07-17 20:08:33.771257086,Restaurant,Booking,4,9.9,0.38,406.27,81.72,0,0,4,1,Completed
2025-07-17 23:03:20.466822274,Restaurant,Follow-up,5,30.8,1.2,479.28,82.1,0,0,3,0,Completed
2025-07-18 01:58:07.162387464,Restaurant,Order processing,4,37.5,0.79,301.49,41.21,0,1,2,0,Completed
2025-07-18 04:52:53.857952652,Restaurant,Complaint handling,5,42.0,1.83,443.28,122.11,1,0,3,2,Delayed
2025-07-18 07:47:40.553517840,Restaurant,Customer enquiry,3,17.8,4.76,298.88,192.44,0,0,3,0,Completed
2025-07-18 10:42:27.249083028,Restaurant,Appointment,5,19.0,2.22,228.1,107.35,0,0,5,1,Completed
2025-07-18 13:37:13.944648216,Restaurant,Order processing,3,37.3,2.68,75.77,102.99,0,0,1,1,Completed
2025-07-18 16:32:00.640213406,Service Business,Follow-up,6,28.6,0.88,535.99,93.04,0,0,4,1,Completed
2025-07-18 19:26:47.335778594,Retail,Appointment,6,42.0,2.4,389.23,133.27,1,2,6,1,Delayed
2025-07-18 22:21:34.031343782,Clinic,Booking,8,14.6,0.41,655.69,37.81,0,1,4,1,Completed
2025-07-19 01:16:20.726908970,Logistics,Appointment,5,19.9,1.27,412.15,71.35,0,0,5,1,Completed
2025-07-19 04:11:07.422474158,Clinic,Complaint handling,2,30.6,2.57,209.88,155.77,0,0,1,1,Completed
2025-07-19 07:05:54.118039348,Clinic,Delivery,10,44.3,1.59,817.54,98.83,0,2,5,4,Completed
2025-07-19 10:00:40.813604536,Retail,Order processing,7,25.5,2.55,627.92,133.77,0,0,3,2,Completed
2025-07-19 12:55:27.509169724,Retail,Payment,9,14.0,4.07,794.03,171.26,0,0,8,0,Completed
2025-07-19 15:50:14.204734912,Retail,Payment,4,26.0,2.16,381.75,68.35,0,0,3,3,Completed
2025-07-19 18:45:00.900300100,Restaurant,Appointment,8,23.2,1.33,524.3,86.01,0,0,5,2,Completed
2025-07-19 21:39:47.595865290,Service Business,Supplier coordination,5,49.5,0.88,423.4,39.83,0,3,5,1,Completed
2025-07-20 00:34:34.291430478,Restaurant,Customer enquiry,6,21.2,1.0,160.13,61.23,0,0,4,1,Completed
2025-07-20 03:29:20.986995666,Service Business,Payment,7,16.5,1.37,448.67,74.21,0,0,6,2,Completed
2025-07-20 06:24:07.682560854,Service Business,Supplier coordination,6,37.3,2.36,602.91,132.73,0,0,5,2,Completed
2025-07-20 09:18:54.378126042,Clinic,Payment,7,15.9,2.93,341.72,163.93,0,0,6,2,Completed
2025-07-20 12:13:41.073691230,Clinic,Supplier coordination,10,41.9,0.72,512.29,45.29,0,3,8,3,Completed
2025-07-20 15:08:27.769256420,Service Business,Customer enquiry,8,18.7,1.44,738.5,107.38,0,0,7,1,Completed
2025-07-20 18:03:14.464821608,Service Business,Stock handling,8,30.8,0.66,516.07,65.7,0,2,6,2,Completed
2025-07-20 20:58:01.160386796,Restaurant,Payment,5,9.1,1.76,528.0,102.36,0,0,3,0,Completed
2025-07-20 23:52:47.855951984,Restaurant,Complaint handling,3,29.0,2.69,238.95,146.24,0,0,3,0,Completed
2025-07-21 02:47:34.551517172,Clinic,Order processing,5,24.5,2.72,557.33,146.18,0,0,2,1,Completed
2025-07-21 05:42:21.247082362,Retail,Supplier coordination,10,55.3,0.86,1154.34,67.61,0,3,4,7,Completed
2025-07-21 08:37:07.942647550,Service Business,Order processing,8,20.6,0.89,848.5,93.48,0,0,5,2,Completed
2025-07-21 11:31:54.638212738,Restaurant,Follow-up,11,24.7,1.47,734.51,107.87,0,3,8,1,Completed
2025-07-21 14:26:41.333777926,Clinic,Follow-up,4,28.7,1.29,213.47,84.82,0,0,2,2,Completed
2025-07-21 17:21:28.029343114,Restaurant,Customer enquiry,10,17.6,2.54,1059.71,166.55,0,0,9,3,Completed
2025-07-21 20:16:14.724908304,Service Business,Supplier coordination,5,47.1,1.5,388.34,138.28,1,1,3,1,Delayed
2025-07-21 23:11:01.420473492,Service Business,Booking,3,18.5,1.93,247.23,103.52,0,1,2,0,Completed
2025-07-22 02:05:48.116038680,Logistics,Follow-up,8,24.6,1.51,826.14,77.88,0,0,6,2,Completed
2025-07-22 05:00:34.811603868,Retail,Customer enquiry,11,19.0,1.41,586.54,88.09,0,0,8,2,Completed
2025-07-22 07:55:21.507169056,Logistics,Follow-up,5,23.5,0.63,454.73,45.35,0,0,4,1,Completed
2025-07-22 10:50:08.202734246,Clinic,Follow-up,8,28.7,1.28,537.17,86.58,0,1,8,1,Completed
2025-07-22 13:44:54.898299434,Restaurant,Booking,4,11.0,1.01,381.75,63.33,0,0,4,0,Completed
2025-07-22 16:39:41.593864622,Clinic,Payment,3,12.7,5.09,259.5,320.51,0,0,2,0,Completed
2025-07-22 19:34:28.289429810,Service Business,Appointment,7,20.4,4.54,681.77,234.23,0,0,6,1,Completed
2025-07-22 22:29:14.984994998,Logistics,Stock handling,3,32.7,1.87,205.93,135.95,0,0,2,0,Completed
2025-07-23 01:24:01.680560188,Logistics,Follow-up,8,23.9,1.86,499.09,217.4,0,1,5,1,Completed
2025-07-23 04:18:48.376125376,Logistics,Follow-up,6,35.7,1.48,468.2,118.27,0,1,3,1,Completed
2025-07-23 07:13:35.071690564,Clinic,Complaint handling,6,30.4,1.53,391.32,92.56,0,2,4,1,Completed
2025-07-23 10:08:21.767255752,Service Business,Stock handling,7,20.4,1.95,449.1,117.64,0,1,4,1,Completed
2025-07-23 13:03:08.462820940,Restaurant,Booking,6,19.4,3.04,375.4,174.12,0,0,4,1,Completed
2025-07-23 15:57:55.158386130,Restaurant,Order processing,8,32.8,3.28,735.45,169.57,0,1,3,2,Completed
2025-07-23 18:52:41.853951318,Clinic,Supplier coordination,1,44.0,1.46,120.97,113.18,0,0,1,0,Completed
2025-07-23 21:47:28.549516506,Logistics,Follow-up,6,34.0,3.13,572.65,90.0,0,1,5,0,Completed
2025-07-24 00:42:15.245081694,Retail,Appointment,4,36.2,0.38,373.68,36.27,1,1,3,0,Delayed
2025-07-24 03:37:01.940646882,Clinic,Supplier coordination,4,41.9,0.43,371.5,26.76,0,0,4,0,Completed
2025-07-24 06:31:48.636212072,Clinic,Stock handling,5,34.6,1.43,289.55,92.13,0,1,1,1,Completed
2025-07-24 09:26:35.331777260,Service Business,Supplier coordination,7,48.7,0.61,652.69,71.41,0,1,3,4,Completed
2025-07-24 12:21:22.027342448,Restaurant,Payment,10,16.0,2.01,383.41,120.05,0,0,9,1,Completed
2025-07-24 15:16:08.722907636,Clinic,Follow-up,6,36.1,2.08,517.3,104.07,0,1,3,2,Completed
2025-07-24 18:10:55.418472824,Clinic,Supplier coordination,7,38.1,0.66,658.96,77.99,0,1,6,0,Completed
2025-07-24 21:05:42.114038014,Logistics,Order processing,4,39.5,5.79,383.58,247.39,0,2,3,2,Completed
2025-07-25 00:00:28.809603202,Logistics,Order processing,9,27.1,3.28,830.96,214.12,0,1,6,0,Completed
2025-07-25 02:55:15.505168390,Retail,Follow-up,11,28.7,0.88,556.51,99.68,1,2,6,2,Delayed
2025-07-25 05:50:02.200733578,Service Business,Delivery,3,34.7,0.37,191.63,48.4,0,0,2,1,Completed
2025-07-25 08:44:48.896298766,Retail,Order processing,6,24.0,1.08,623.2,129.21,0,2,2,0,Completed
2025-07-25 11:39:35.591863956,Logistics,Supplier coordination,5,39.4,2.08,430.62,89.65,0,2,3,1,Completed
2025-07-25 14:34:22.287429144,Restaurant,Customer enquiry,8,15.4,1.2,679.56,87.25,0,0,6,1,Completed
2025-07-25 17:29:08.982994332,Logistics,Order processing,12,25.1,0.14,795.99,61.91,0,2,11,4,Completed
2025-07-25 20:23:55.678559520,Service Business,Stock handling,8,25.0,1.08,429.98,71.31,0,0,4,1,Completed
2025-07-25 23:18:42.374124708,Logistics,Delivery,4,39.6,4.33,247.69,205.79,0,0,3,1,Completed
2025-07-26 02:13:29.069689898,Service Business,Supplier coordination,8,43.8,1.91,379.4,136.19,0,4,3,3,Completed
2025-07-26 05:08:15.765255086,Service Business,Booking,4,19.2,0.64,360.45,39.48,0,1,2,1,Completed
2025-07-26 08:03:02.460820274,Service Business,Complaint handling,6,37.5,0.39,80.95,44.25,0,1,6,3,Completed
2025-07-26 10:57:49.156385462,Service Business,Booking,2,26.1,0.32,123.97,69.54,0,0,1,0,Completed
2025-07-26 13:52:35.851950650,Service Business,Payment,4,10.7,0.6,485.65,78.93,0,0,3,1,Completed
2025-07-26 16:47:22.547515840,Restaurant,Complaint handling,8,35.5,0.67,586.28,54.29,0,1,4,1,Completed
2025-07-26 19:42:09.243081028,Retail,Payment,6,12.7,1.97,366.0,102.32,0,0,4,0,Completed
2025-07-26 22:36:55.938646216,Clinic,Complaint handling,9,31.7,5.83,1144.41,283.72,0,0,6,2,Completed
2025-07-27 01:31:42.634211404,Retail,Complaint handling,11,35.5,0.73,760.28,82.95,0,2,8,4,Completed
2025-07-27 04:26:29.329776592,Service Business,Customer enquiry,12,24.4,2.77,1460.88,98.16,0,0,9,0,Completed
2025-07-27 07:21:16.025341782,Restaurant,Appointment,7,22.1,5.32,503.16,237.54,0,0,2,2,Completed
2025-07-27 10:16:02.720906970,Logistics,Stock handling,8,26.9,0.47,784.65,77.63,0,0,3,3,Completed
2025-07-27 13:10:49.416472158,Restaurant,Booking,6,13.2,2.81,770.63,173.52,0,0,1,0,Completed
2025-07-27 16:05:36.112037346,Service Business,Order processing,8,23.1,1.64,650.29,97.96,0,0,5,2,Completed
2025-07-27 19:00:22.807602534,Restaurant,Supplier coordination,7,39.1,0.63,493.26,107.28,0,2,3,1,Completed
2025-07-27 21:55:09.503167724,Restaurant,Delivery,7,36.1,1.06,656.12,71.64,1,2,4,5,Delayed
2025-07-28 00:49:56.198732912,Service Business,Stock handling,6,33.2,1.73,337.45,78.73,0,0,2,2,Completed
2025-07-28 03:44:42.894298100,Restaurant,Payment,5,12.1,2.42,528.76,68.69,0,0,1,1,Completed
2025-07-28 06:39:29.589863288,Clinic,Customer enquiry,5,18.5,1.43,319.43,66.59,0,0,2,1,Completed
2025-07-28 09:34:16.285428476,Clinic,Payment,5,12.1,2.02,220.38,166.86,0,0,3,2,Completed
2025-07-28 12:29:02.980993664,Restaurant,Appointment,7,18.4,3.45,530.94,164.39,0,0,2,0,Completed
2025-07-28 15:23:49.676558852,Logistics,Delivery,6,33.6,0.63,410.46,44.65,0,0,2,0,Completed
2025-07-28 18:18:36.372124040,Service Business,Customer enquiry,8,27.9,2.08,191.92,189.25,0,0,5,3,Completed
2025-07-28 21:13:23.067689232,Clinic,Payment,7,14.1,0.65,548.38,45.1,0,0,6,1,Completed
2025-07-29 00:08:09.763254420,Logistics,Appointment,5,15.6,2.5,270.37,233.66,0,0,4,2,Completed
2025-07-29 03:02:56.458819608,Restaurant,Supplier coordination,4,41.2,1.06,272.6,107.54,0,1,2,1,Completed
2025-07-29 05:57:43.154384796,Logistics,Supplier coordination,1,38.2,2.37,54.02,144.21,0,1,1,0,Completed
2025-07-29 08:52:29.849949984,Retail,Payment,5,20.0,1.37,462.98,67.34,0,0,3,0,Completed
2025-07-29 11:47:16.545515172,Clinic,Stock handling,6,29.3,0.97,466.39,98.82,0,3,5,3,Completed
2025-07-29 14:42:03.241080360,Restaurant,Delivery,5,34.9,1.01,230.12,67.53,0,0,4,1,Completed
2025-07-29 17:36:49.936645548,Service Business,Follow-up,12,29.2,0.12,1309.48,55.59,0,1,7,4,Completed
2025-07-29 20:31:36.632210736,Restaurant,Stock handling,4,24.8,1.34,339.67,61.23,0,0,4,1,Completed
2025-07-29 23:26:23.327775924,Service Business,Supplier coordination,10,38.4,2.03,671.73,115.28,0,1,9,2,Completed
2025-07-30 02:21:10.023341116,Restaurant,Delivery,4,46.0,2.92,245.5,221.14,0,1,3,3,Completed
2025-07-30 05:15:56.718906304,Logistics,Appointment,10,27.8,3.18,767.24,125.73,0,0,5,2,Completed
2025-07-30 08:10:43.414471492,Logistics,Customer enquiry,6,17.5,1.22,301.36,97.87,0,0,4,2,Completed
2025-07-30 11:05:30.110036680,Logistics,Complaint handling,9,30.6,3.21,963.6,201.54,0,2,7,3,Completed
2025-07-30 14:00:16.805601868,Retail,Payment,6,15.2,4.5,618.33,152.69,0,0,5,0,Completed
2025-07-30 16:55:03.501167056,Service Business,Booking,6,23.6,0.48,425.36,70.35,0,0,4,1,Completed
2025-07-30 19:49:50.196732244,Logistics,Delivery,7,34.1,0.93,486.17,41.34,0,1,6,3,Completed
2025-07-30 22:44:36.892297432,Retail,Order processing,4,32.0,5.02,234.32,173.86,0,1,4,2,Completed
2025-07-31 01:39:23.587862620,Service Business,Appointment,7,19.0,2.57,587.85,178.72,0,1,5,1,Completed
2025-07-31 04:34:10.283427808,Restaurant,Follow-up,9,36.9,1.17,757.41,73.92,0,1,5,3,Completed
2025-07-31 07:28:56.978993000,Retail,Complaint handling,12,33.7,1.36,1125.26,87.77,1,2,6,7,Delayed
2025-07-31 10:23:43.674558188,Clinic,Order processing,4,23.5,2.77,337.59,123.49,0,0,3,1,Completed
2025-07-31 13:18:30.370123376,Retail,Follow-up,7,26.4,0.75,409.04,49.85,0,3,5,3,Completed
2025-07-31 16:13:17.065688564,Retail,Booking,6,16.6,1.39,372.57,86.74,0,0,4,1,Completed
2025-07-31 19:08:03.761253752,Service Business,Supplier coordination,5,42.3,2.08,406.23,141.65,0,2,4,0,Completed
2025-07-31 22:02:50.456818940,Restaurant,Stock handling,11,26.6,1.79,690.54,107.2,1,1,8,6,Delayed
2025-08-01 00:57:37.152384128,Clinic,Payment,7,13.1,1.91,758.64,130.36,0,0,6,1,Completed
2025-08-01 03:52:23.847949316,Logistics,Customer enquiry,8,14.9,0.38,621.15,27.47,0,0,5,0,Completed
2025-08-01 06:47:10.543514504,Logistics,Follow-up,10,32.1,1.82,463.44,133.01,0,3,2,5,Completed
2025-08-01 09:41:57.239079692,Retail,Complaint handling,5,37.6,0.74,380.02,72.74,0,0,5,2,Completed
2025-08-01 12:36:43.934644884,Service Business,Delivery,9,37.6,0.69,663.37,39.01,0,2,6,1,Completed
2025-08-01 15:31:30.630210072,Service Business,Supplier coordination,4,36.7,3.2,431.31,172.25,1,1,3,0,Delayed
2025-08-01 18:26:17.325775260,Logistics,Delivery,7,34.9,2.17,552.95,178.95,0,0,5,3,Completed
2025-08-01 21:21:04.021340448,Clinic,Complaint handling,4,39.2,1.14,364.54,83.07,1,1,3,3,Delayed
2025-08-02 00:15:50.716905636,Restaurant,Delivery,10,34.3,1.7,747.47,81.37,0,1,6,2,Completed
2025-08-02 03:10:37.412470824,Clinic,Follow-up,4,29.8,1.99,402.24,116.7,0,1,4,1,Completed
2025-08-02 06:05:24.108036012,Restaurant,Appointment,5,24.0,1.97,535.46,105.97,0,0,3,1,Completed
2025-08-02 09:00:10.803601200,Logistics,Delivery,5,36.7,2.46,289.87,187.83,1,0,3,3,Delayed
2025-08-02 11:54:57.499166388,Restaurant,Stock handling,8,27.2,3.14,520.79,226.37,0,0,6,1,Completed
2025-08-02 14:49:44.194731576,Service Business,Booking,3,21.1,2.01,220.07,199.05,0,0,3,0,Completed
2025-08-02 17:44:30.890296768,Retail,Customer enquiry,8,18.1,2.48,786.26,185.91,0,0,6,1,Completed
2025-08-02 20:39:17.585861956,Retail,Follow-up,8,25.8,0.29,510.81,98.52,0,0,3,1,Completed
2025-08-02 23:34:04.281427144,Logistics,Order processing,2,20.3,2.41,58.21,132.27,0,0,1,0,Completed
2025-08-03 02:28:50.976992332,Service Business,Complaint handling,4,32.9,1.84,383.24,185.32,0,2,3,1,Completed
2025-08-03 05:23:37.672557520,Clinic,Supplier coordination,3,42.1,2.48,182.97,108.69,0,0,2,1,Completed
2025-08-03 08:18:24.368122708,Service Business,Follow-up,11,22.7,1.27,777.36,54.32,0,1,8,0,Completed
2025-08-03 11:13:11.063687896,Retail,Appointment,6,23.4,3.63,416.86,191.84,0,1,6,3,Completed
2025-08-03 14:07:57.759253084,Retail,Supplier coordination,6,41.5,0.49,193.41,24.22,0,1,4,0,Completed
2025-08-03 17:02:44.454818272,Service Business,Stock handling,7,26.1,2.1,364.67,111.4,1,2,5,3,Delayed
2025-08-03 19:57:31.150383460,Service Business,Complaint handling,6,31.7,2.1,581.11,148.98,0,3,4,1,Completed
2025-08-03 22:52:17.845948652,Retail,Supplier coordination,7,43.5,1.08,540.37,44.83,0,1,5,1,Completed
2025-08-04 01:47:04.541513840,Clinic,Delivery,8,37.5,1.09,792.32,67.71,1,1,4,3,Delayed
2025-08-04 04:41:51.237079028,Logistics,Follow-up,6,29.9,2.56,681.51,140.25,0,0,4,2,Completed
2025-08-04 07:36:37.932644216,Logistics,Booking,3,13.3,0.59,126.24,64.46,0,0,3,0,Completed
2025-08-04 10:31:24.628209404,Service Business,Complaint handling,5,36.4,1.25,353.56,77.57,0,1,3,1,Completed
2025-08-04 13:26:11.323774592,Logistics,Payment,6,13.8,0.16,453.41,76.74,0,0,5,1,Completed
2025-08-04 16:20:58.019339780,Retail,Stock handling,7,45.4,1.29,779.04,73.89,1,4,2,3,Delayed
2025-08-04 19:15:44.714904968,Retail,Customer enquiry,3,26.2,0.39,162.7,78.38,0,0,3,1,Completed
2025-08-04 22:10:31.410470156,Service Business,Complaint handling,6,36.3,6.29,511.34,375.98,0,0,4,0,Completed
2025-08-05 01:05:18.106035344,Service Business,Appointment,11,34.0,3.54,1168.91,222.81,0,1,9,1,Completed
2025-08-05 04:00:04.801600536,Service Business,Follow-up,16,26.2,0.94,1561.39,130.42,0,0,11,5,Completed
2025-08-05 06:54:51.497165724,Clinic,Delivery,13,40.8,0.39,1160.25,37.22,0,1,9,3,Completed
2025-08-05 09:49:38.192730912,Logistics,Customer enquiry,5,16.7,2.06,311.14,140.06,0,0,4,1,Completed
2025-08-05 12:44:24.888296100,Service Business,Customer enquiry,10,28.0,1.3,1019.3,57.44,0,3,3,2,Completed
2025-08-05 15:39:11.583861288,Restaurant,Stock handling,4,23.7,0.92,170.65,47.91,0,1,3,2,Completed
2025-08-05 18:33:58.279426476,Restaurant,Supplier coordination,5,48.1,1.5,445.17,69.36,1,1,4,1,Delayed
2025-08-05 21:28:44.974991664,Retail,Appointment,10,19.1,1.37,398.93,97.05,0,1,7,1,Completed
2025-08-06 00:23:31.670556852,Logistics,Supplier coordination,12,36.2,2.98,1407.71,276.55,0,4,4,2,Completed
2025-08-06 03:18:18.366122040,Service Business,Delivery,6,41.2,0.77,316.49,67.28,0,3,3,2,Completed
2025-08-06 06:13:05.061687228,Restaurant,Customer enquiry,8,23.4,0.27,542.79,50.77,0,0,3,1,Completed
2025-08-06 09:07:51.757252420,Logistics,Appointment,4,26.2,2.65,458.64,122.76,0,0,4,2,Completed
2025-08-06 12:02:38.452817608,Retail,Appointment,5,16.7,1.83,439.36,108.11,0,0,5,0,Completed
2025-08-06 14:57:25.148382796,Clinic,Order processing,4,26.4,0.64,248.08,34.4,0,2,3,0,Completed
2025-08-06 17:52:11.843947984,Logistics,Follow-up,6,31.7,0.65,483.87,63.51,0,1,4,0,Completed
2025-08-06 20:46:58.539513172,Logistics,Customer enquiry,11,14.3,0.62,928.71,51.55,0,0,7,1,Completed
2025-08-06 23:41:45.235078360,Clinic,Customer enquiry,14,22.7,1.25,1222.24,108.2,0,2,10,2,Completed
2025-08-07 02:36:31.930643548,Logistics,Appointment,4,25.3,5.01,293.49,294.98,0,0,3,0,Completed
2025-08-07 05:31:18.626208736,Retail,Supplier coordination,8,52.3,3.53,567.3,158.73,0,4,3,2,Completed
2025-08-07 08:26:05.321773924,Retail,Customer enquiry,7,12.6,1.02,651.88,90.22,0,0,5,0,Completed
2025-08-07 11:20:52.017339112,Clinic,Appointment,7,16.6,4.02,507.03,158.17,0,0,4,0,Completed
2025-08-07 14:15:38.712904304,Service Business,Customer enquiry,8,15.8,0.65,435.0,45.37,0,0,6,1,Completed
2025-08-07 17:10:25.408469492,Restaurant,Appointment,6,31.5,1.17,426.34,64.27,0,0,4,2,Completed
2025-08-07 20:05:12.104034680,Service Business,Order processing,7,31.8,1.3,542.94,83.38,0,0,7,0,Completed
2025-08-07 22:59:58.799599868,Logistics,Follow-up,6,33.5,5.79,513.64,290.65,0,0,4,4,Completed
2025-08-08 01:54:45.495165056,Restaurant,Appointment,11,26.2,0.45,905.4,60.2,0,3,5,1,Completed
2025-08-08 04:49:32.190730244,Clinic,Customer enquiry,5,29.4,2.36,244.79,130.0,0,2,2,0,Completed
2025-08-08 07:44:18.886295432,Clinic,Delivery,7,35.0,1.03,622.76,101.5,1,2,2,1,Delayed
2025-08-08 10:39:05.581860620,Restaurant,Follow-up,5,34.6,1.45,367.07,59.54,0,0,1,3,Completed
2025-08-08 13:33:52.277425808,Retail,Order processing,12,41.9,0.68,787.62,37.61,0,0,3,8,Completed
2025-08-08 16:28:38.972990996,Restaurant,Appointment,8,28.0,1.35,788.67,56.6,0,1,7,1,Completed
2025-08-08 19:23:25.668556188,Logistics,Delivery,8,36.3,3.37,496.73,187.0,0,2,7,1,Completed
2025-08-08 22:18:12.364121376,Retail,Appointment,7,30.3,0.15,820.89,45.54,0,0,3,3,Completed
2025-08-09 01:12:59.059686564,Clinic,Supplier coordination,2,47.0,1.43,230.26,82.56,0,0,2,2,Completed
2025-08-09 04:07:45.755251752,Restaurant,Customer enquiry,10,21.3,0.25,1001.81,15.1,0,0,7,2,Completed
2025-08-09 07:02:32.450816940,Service Business,Complaint handling,6,30.3,3.04,379.2,215.11,0,1,4,3,Completed
2025-08-09 09:57:19.146382128,Service Business,Stock handling,5,25.1,0.2,453.08,17.54,0,1,3,3,Completed
2025-08-09 12:52:05.841947316,Logistics,Booking,7,15.3,0.59,587.38,58.09,0,0,6,2,Completed
2025-08-09 15:46:52.537512504,Service Business,Supplier coordination,4,46.5,3.34,248.51,137.07,0,2,2,1,Completed
2025-08-09 18:41:39.233077692,Restaurant,Delivery,11,39.5,1.08,1116.77,60.13,0,2,5,2,Completed
2025-08-09 21:36:25.928642880,Restaurant,Supplier coordination,4,40.6,1.16,311.97,132.98,1,0,2,1,Delayed
2025-08-10 00:31:12.624208068,Service Business,Payment,2,20.4,1.24,48.12,100.49,0,0,2,0,Completed
2025-08-10 03:25:59.319773260,Restaurant,Appointment,8,17.3,1.26,884.15,150.44,0,0,7,0,Completed
2025-08-10 06:20:46.015338448,Logistics,Appointment,4,17.9,0.95,444.83,70.41,0,0,3,0,Completed
2025-08-10 09:15:32.710903636,Retail,Booking,8,16.1,4.17,612.73,204.96,0,0,5,1,Completed
2025-08-10 12:10:19.406468824,Logistics,Booking,7,13.4,3.84,641.54,257.22,0,1,4,1,Completed
2025-08-10 15:05:06.102034012,Logistics,Payment,2,21.7,1.17,171.18,69.3,0,0,2,0,Completed
2025-08-10 17:59:52.797599200,Restaurant,Customer enquiry,4,14.8,0.42,270.15,87.25,0,0,1,1,Completed
2025-08-10 20:54:39.493164388,Retail,Stock handling,5,23.3,2.17,683.63,147.85,0,0,4,0,Completed
2025-08-10 23:49:26.188729576,Restaurant,Complaint handling,7,28.4,1.4,450.94,116.37,0,1,4,5,Completed
2025-08-11 02:44:12.884294764,Clinic,Complaint handling,5,37.3,1.06,395.64,89.5,0,0,4,1,Completed
2025-08-11 05:38:59.579859952,Restaurant,Order processing,8,23.6,1.04,427.18,80.34,0,0,4,0,Completed
2025-08-11 08:33:46.275425144,Restaurant,Order processing,6,20.5,1.29,581.05,69.9,0,1,4,2,Completed
2025-08-11 11:28:32.970990332,Restaurant,Customer enquiry,15,18.0,0.5,1398.43,107.2,0,1,12,1,Completed
2025-08-11 14:23:19.666555520,Retail,Order processing,5,42.5,0.85,484.73,89.44,0,1,3,1,Completed
2025-08-11 17:18:06.362120708,Restaurant,Order processing,9,21.7,0.27,460.39,24.85,0,0,7,0,Completed
2025-08-11 20:12:53.057685896,Retail,Payment,6,12.1,2.27,504.43,247.82,0,0,3,1,Completed
2025-08-11 23:07:39.753251084,Service Business,Payment,4,9.9,5.69,346.66,274.68,1,1,3,2,Delayed
2025-08-12 02:02:26.448816272,Clinic,Order processing,9,19.8,6.06,441.38,159.09,0,0,8,3,Completed
2025-08-12 04:57:13.144381460,Retail,Supplier coordination,5,45.7,1.81,432.94,75.34,1,3,2,3,Delayed
2025-08-12 07:51:59.839946648,Service Business,Follow-up,8,23.2,0.76,510.13,68.54,0,2,6,2,Completed
2025-08-12 10:46:46.535511836,Retail,Follow-up,8,34.3,1.77,571.51,86.72,0,1,6,2,Completed
2025-08-12 13:41:33.231077028,Retail,Customer enquiry,8,24.4,4.36,725.67,223.41,0,2,4,1,Completed
2025-08-12 16:36:19.926642216,Clinic,Complaint handling,1,36.4,2.64,82.37,201.63,0,0,1,0,Completed
2025-08-12 19:31:06.622207404,Logistics,Booking,5,14.9,1.08,308.26,65.32,0,0,1,1,Completed
2025-08-12 22:25:53.317772592,Logistics,Customer enquiry,5,19.2,1.12,265.21,85.13,0,0,3,4,Completed
2025-08-13 01:20:40.013337780,Retail,Order processing,5,19.1,0.26,371.93,22.12,0,0,4,2,Completed
2025-08-13 04:15:26.708902968,Restaurant,Payment,8,16.7,1.98,663.47,197.4,0,0,7,3,Completed
2025-08-13 07:10:13.404468156,Service Business,Appointment,4,26.6,3.05,313.26,129.57,0,0,3,0,Completed
2025-08-13 10:05:00.100033344,Restaurant,Supplier coordination,7,42.6,1.27,526.56,120.13,0,0,5,1,Completed
2025-08-13 12:59:46.795598532,Restaurant,Delivery,4,40.8,0.72,291.73,51.5,1,0,4,3,Delayed
2025-08-13 15:54:33.491163720,Retail,Payment,6,11.9,3.42,657.58,146.23,0,0,4,1,Completed
2025-08-13 18:49:20.186728912,Retail,Follow-up,7,40.8,3.32,575.11,106.94,0,2,5,2,Completed
2025-08-13 21:44:06.882294100,Retail,Payment,9,15.6,0.74,742.11,49.32,0,0,7,2,Completed
2025-08-14 00:38:53.577859288,Retail,Supplier coordination,11,44.0,0.76,804.61,84.56,0,3,8,2,Completed
2025-08-14 03:33:40.273424476,Logistics,Booking,4,22.1,2.94,274.51,143.38,0,0,4,1,Completed
2025-08-14 06:28:26.968989664,Retail,Order processing,6,26.1,1.29,716.48,89.9,0,0,5,3,Completed
2025-08-14 09:23:13.664554852,Logistics,Appointment,10,33.4,1.41,903.91,116.64,0,2,4,4,Completed
2025-08-14 12:18:00.360120040,Logistics,Follow-up,4,29.3,1.89,380.39,123.82,0,0,3,1,Completed
2025-08-14 15:12:47.055685228,Retail,Follow-up,7,27.7,1.73,422.65,65.19,0,1,5,1,Completed
2025-08-14 18:07:33.751250416,Clinic,Stock handling,6,25.5,0.56,598.53,67.76,0,1,4,0,Completed
2025-08-14 21:02:20.446815604,Service Business,Complaint handling,6,33.2,0.6,335.67,70.57,0,1,5,1,Completed
2025-08-14 23:57:07.142380796,Restaurant,Booking,9,25.5,2.64,768.05,177.86,0,1,4,2,Completed
2025-08-15 02:51:53.837945984,Logistics,Follow-up,5,34.7,0.94,402.12,43.33,0,0,4,1,Completed
2025-08-15 05:46:40.533511172,Service Business,Complaint handling,8,38.5,3.07,856.72,142.11,0,2,4,2,Completed
2025-08-15 08:41:27.229076360,Clinic,Follow-up,7,35.4,3.04,469.45,164.17,0,1,7,1,Completed
2025-08-15 11:36:13.924641548,Restaurant,Order processing,12,41.5,1.03,1083.6,85.05,0,3,8,3,Completed
2025-08-15 14:31:00.620206736,Restaurant,Complaint handling,8,29.3,1.42,693.09,79.91,0,0,3,4,Completed
2025-08-15 17:25:47.315771924,Logistics,Supplier coordination,8,43.5,2.1,488.85,167.92,0,2,7,2,Completed
2025-08-15 20:20:34.011337112,Retail,Stock handling,11,28.4,1.43,987.92,82.88,0,2,7,6,Completed
2025-08-15 23:15:20.706902300,Clinic,Order processing,5,28.0,1.61,373.51,110.17,0,0,5,0,Completed
2025-08-16 02:10:07.402467488,Logistics,Supplier coordination,7,57.3,2.7,539.54,174.63,0,0,4,4,Completed
2025-08-16 05:04:54.098032680,Clinic,Appointment,6,23.7,1.83,419.36,140.47,0,0,5,2,Completed
2025-08-16 07:59:40.793597868,Retail,Booking,5,25.2,0.6,396.63,57.02,0,0,3,1,Completed
2025-08-16 10:54:27.489163056,Retail,Booking,13,17.9,4.45,1026.08,248.45,0,0,11,2,Completed
2025-08-16 13:49:14.184728244,Logistics,Delivery,6,41.9,0.82,537.92,74.26,1,2,4,3,Delayed
2025-08-16 16:44:00.880293432,Retail,Delivery,14,37.8,1.06,1190.96,109.48,0,4,6,4,Completed
2025-08-16 19:38:47.575858620,Service Business,Complaint handling,5,30.4,2.14,486.8,129.22,0,2,3,0,Completed
2025-08-16 22:33:34.271423808,Restaurant,Booking,9,30.5,1.64,865.52,110.68,0,1,7,1,Completed
2025-08-17 01:28:20.966988996,Logistics,Complaint handling,7,37.4,0.21,777.06,43.9,0,0,2,1,Completed
2025-08-17 04:23:07.662554184,Clinic,Delivery,11,41.9,2.08,1023.99,104.35,0,2,7,3,Completed
2025-08-17 07:17:54.358119372,Service Business,Appointment,6,24.5,0.8,486.99,110.35,0,0,4,1,Completed
2025-08-17 10:12:41.053684564,Logistics,Follow-up,8,36.1,1.03,823.35,80.64,0,1,6,1,Completed
2025-08-17 13:07:27.749249752,Retail,Supplier coordination,4,38.8,0.66,323.07,61.62,1,2,3,0,Delayed
2025-08-17 16:02:14.444814940,Retail,Payment,4,9.6,1.69,337.5,91.95,0,0,4,1,Completed
2025-08-17 18:57:01.140380128,Retail,Complaint handling,11,30.4,0.78,247.85,119.8,0,2,8,1,Completed
2025-08-17 21:51:47.835945316,Retail,Appointment,2,18.8,4.6,116.4,194.27,0,1,0,1,Completed
2025-08-18 00:46:34.531510504,Clinic,Supplier coordination,8,35.6,2.79,747.13,129.1,1,2,4,4,Delayed
2025-08-18 03:41:21.227075692,Service Business,Booking,9,18.5,2.98,967.6,146.48,0,1,6,3,Completed
2025-08-18 06:36:07.922640880,Restaurant,Follow-up,8,26.6,1.06,718.78,113.68,0,1,5,1,Completed
2025-08-18 09:30:54.618206068,Clinic,Supplier coordination,6,41.4,5.15,548.3,203.01,0,0,5,2,Completed
2025-08-18 12:25:41.313771256,Clinic,Stock handling,6,33.4,1.41,556.8,77.29,0,1,3,0,Completed
2025-08-18 15:20:28.009336448,Restaurant,Delivery,11,36.6,1.65,866.84,94.25,0,2,8,1,Completed
2025-08-18 18:15:14.704901636,Restaurant,Supplier coordination,6,39.7,1.32,344.22,71.59,1,2,4,2,Delayed
2025-08-18 21:10:01.400466824,Retail,Payment,4,14.9,1.77,368.34,85.09,0,0,4,1,Completed
2025-08-19 00:04:48.096032012,Clinic,Appointment,3,21.6,4.41,152.3,210.6,0,0,2,1,Completed
2025-08-19 02:59:34.791597200,Logistics,Follow-up,1,52.0,1.85,88.82,132.13,1,0,1,0,Delayed
2025-08-19 05:54:21.487162388,Restaurant,Order processing,8,19.7,0.47,873.9,75.76,0,0,6,1,Completed
2025-08-19 08:49:08.182727576,Restaurant,Supplier coordination,13,44.8,2.8,1096.42,143.05,1,4,8,2,Delayed
2025-08-19 11:43:54.878292764,Service Business,Customer enquiry,4,16.5,1.89,358.24,137.55,0,0,4,0,Completed
2025-08-19 14:38:41.573857952,Logistics,Payment,10,14.6,0.85,1019.5,51.69,0,0,9,2,Completed
2025-08-19 17:33:28.269423140,Logistics,Payment,9,13.8,2.09,673.01,165.8,0,0,5,4,Completed
2025-08-19 20:28:14.964988332,Restaurant,Customer enquiry,3,25.9,1.41,332.6,73.73,0,0,2,1,Completed
2025-08-19 23:23:01.660553520,Retail,Stock handling,13,29.2,1.22,1306.77,167.75,0,2,6,7,Completed
2025-08-20 02:17:48.356118708,Service Business,Order processing,8,25.8,1.46,648.04,136.58,0,0,7,2,Completed
2025-08-20 05:12:35.051683896,Logistics,Delivery,5,48.8,2.13,148.35,161.5,0,1,2,1,Completed
2025-08-20 08:07:21.747249084,Restaurant,Appointment,6,23.1,1.54,454.54,89.69,0,0,3,2,Completed
2025-08-20 11:02:08.442814272,Logistics,Follow-up,6,23.2,1.72,453.06,82.93,0,0,5,1,Completed
2025-08-20 13:56:55.138379460,Service Business,Appointment,3,27.3,2.0,255.41,133.86,0,2,2,1,Completed
2025-08-20 16:51:41.833944648,Service Business,Order processing,3,28.0,1.39,330.34,144.05,1,1,3,3,Delayed
2025-08-20 19:46:28.529509836,Clinic,Appointment,7,30.1,0.89,703.11,77.32,0,0,4,2,Completed
2025-08-20 22:41:15.225075024,Restaurant,Customer enquiry,5,24.2,0.45,414.87,65.75,0,0,4,0,Completed
2025-08-21 01:36:01.920640216,Service Business,Payment,4,11.2,3.14,289.64,175.83,0,0,3,0,Completed
2025-08-21 04:30:48.616205404,Clinic,Appointment,4,15.2,2.07,150.84,117.93,0,0,4,0,Completed
2025-08-21 07:25:35.311770592,Clinic,Complaint handling,6,42.2,3.05,569.31,247.54,0,1,3,3,Completed
2025-08-21 10:20:22.007335780,Logistics,Supplier coordination,2,43.0,1.7,172.05,99.93,0,1,1,2,Completed
2025-08-21 13:15:08.702900968,Logistics,Order processing,3,22.9,3.61,301.51,243.73,0,0,3,1,Completed
2025-08-21 16:09:55.398466156,Clinic,Stock handling,10,24.6,2.23,863.16,100.36,0,1,10,0,Completed
2025-08-21 19:04:42.094031344,Logistics,Complaint handling,6,36.9,1.0,394.09,59.23,0,0,3,2,Completed
2025-08-21 21:59:28.789596532,Service Business,Customer enquiry,3,17.5,0.84,267.5,50.63,0,0,2,1,Completed
2025-08-22 00:54:15.485161720,Retail,Booking,7,11.7,0.96,599.76,137.37,0,0,4,0,Completed
2025-08-22 03:49:02.180726908,Service Business,Customer enquiry,7,14.3,1.85,701.9,120.95,0,0,5,0,Completed
2025-08-22 06:43:48.876292100,Clinic,Stock handling,5,26.9,1.76,362.31,135.19,0,1,3,2,Completed
2025-08-22 09:38:35.571857288,Clinic,Stock handling,10,24.0,1.2,649.01,58.3,0,0,8,2,Completed
2025-08-22 12:33:22.267422476,Service Business,Complaint handling,6,31.3,0.69,493.49,118.6,0,1,6,1,Completed
2025-08-22 15:28:08.962987664,Logistics,Supplier coordination,5,53.5,1.71,387.8,113.03,1,1,3,3,Delayed
2025-08-22 18:22:55.658552852,Logistics,Order processing,13,21.6,1.82,869.04,135.99,0,0,6,4,Completed
2025-08-22 21:17:42.354118040,Clinic,Delivery,6,42.3,2.87,399.11,187.57,0,0,6,2,Completed
2025-08-23 00:12:29.049683228,Restaurant,Payment,5,18.1,0.26,531.75,22.58,0,0,1,2,Completed
2025-08-23 03:07:15.745248416,Logistics,Complaint handling,8,31.1,1.67,619.33,138.64,0,1,3,2,Completed
2025-08-23 06:02:02.440813604,Service Business,Stock handling,8,23.1,0.63,832.55,49.75,0,0,5,2,Completed
2025-08-23 08:56:49.136378792,Logistics,Booking,9,11.7,0.73,1134.88,71.77,0,0,4,2,Completed
2025-08-23 11:51:35.831943984,Service Business,Follow-up,6,26.3,0.81,448.03,47.52,0,1,4,1,Completed
2025-08-23 14:46:22.527509172,Clinic,Stock handling,8,30.0,0.34,512.5,67.34,0,0,6,2,Completed
2025-08-23 17:41:09.223074360,Logistics,Supplier coordination,7,42.1,1.82,401.24,61.93,1,3,4,3,Delayed
2025-08-23 20:35:55.918639548,Service Business,Supplier coordination,5,49.3,1.61,517.81,105.94,0,0,2,1,Completed
2025-08-23 23:30:42.614204736,Clinic,Stock handling,5,31.5,1.04,384.36,52.85,0,0,2,1,Completed
2025-08-24 02:25:29.309769924,Restaurant,Supplier coordination,7,47.2,1.6,574.94,95.67,0,2,3,5,Completed
2025-08-24 05:20:16.005335112,Service Business,Complaint handling,11,44.0,1.73,793.42,125.54,0,4,7,2,Completed
2025-08-24 08:15:02.700900300,Restaurant,Stock handling,9,26.9,1.22,699.73,141.38,0,0,6,3,Completed
2025-08-24 11:09:49.396465488,Restaurant,Stock handling,6,29.1,0.49,826.17,45.59,0,1,4,2,Completed
2025-08-24 14:04:36.092030676,Retail,Order processing,5,31.4,1.31,330.6,118.44,0,0,4,0,Completed
2025-08-24 16:59:22.787595864,Logistics,Payment,6,22.2,0.33,211.5,34.91,0,1,4,2,Completed
2025-08-24 19:54:09.483161056,Service Business,Booking,5,18.8,1.6,392.84,138.79,0,0,5,0,Completed
2025-08-24 22:48:56.178726244,Restaurant,Supplier coordination,7,36.4,2.0,477.51,107.93,0,2,3,1,Completed
2025-08-25 01:43:42.874291432,Retail,Order processing,10,42.2,0.76,950.82,62.98,1,2,2,6,Delayed
2025-08-25 04:38:29.569856620,Clinic,Delivery,1,38.8,1.0,79.91,78.95,0,1,1,0,Completed
2025-08-25 07:33:16.265421808,Service Business,Delivery,6,37.0,3.08,630.2,166.82,0,1,4,0,Completed
2025-08-25 10:28:02.960986996,Restaurant,Appointment,4,18.8,2.32,140.39,125.78,0,0,3,1,Completed
2025-08-25 13:22:49.656552184,Logistics,Complaint handling,8,39.8,1.81,739.66,90.46,0,2,3,1,Completed
2025-08-25 16:17:36.352117372,Retail,Complaint handling,3,37.9,1.23,330.17,74.86,0,0,2,1,Completed
2025-08-25 19:12:23.047682560,Restaurant,Customer enquiry,7,15.8,0.39,498.15,23.6,0,0,4,0,Completed
2025-08-25 22:07:09.743247748,Logistics,Booking,7,10.5,0.32,495.86,20.87,0,0,3,0,Completed
2025-08-26 01:01:56.438812940,Restaurant,Stock handling,5,23.8,0.53,350.29,78.78,0,0,3,1,Completed
2025-08-26 03:56:43.134378128,Service Business,Supplier coordination,8,47.4,0.55,542.6,32.55,0,3,5,2,Completed
2025-08-26 06:51:29.829943316,Service Business,Booking,5,16.3,3.68,520.0,185.48,0,0,5,0,Completed
2025-08-26 09:46:16.525508504,Service Business,Appointment,8,17.0,2.9,475.02,148.37,0,0,4,1,Completed
2025-08-26 12:41:03.221073692,Retail,Customer enquiry,5,15.5,0.26,465.93,31.31,0,0,3,0,Completed
2025-08-26 15:35:49.916638880,Service Business,Order processing,5,24.6,0.51,230.98,42.49,1,2,3,2,Delayed
2025-08-26 18:30:36.612204068,Logistics,Booking,10,17.2,1.61,520.2,113.57,0,0,7,0,Completed
2025-08-26 21:25:23.307769256,Restaurant,Order processing,7,23.1,1.62,573.74,82.13,0,0,5,3,Completed
2025-08-27 00:20:10.003334444,Clinic,Delivery,8,40.7,1.35,446.85,86.66,0,1,5,3,Completed
2025-08-27 03:14:56.698899632,Logistics,Supplier coordination,7,46.5,1.8,384.44,97.53,0,2,6,4,Completed
2025-08-27 06:09:43.394464824,Logistics,Appointment,8,20.5,2.91,844.66,159.91,0,0,5,1,Completed
2025-08-27 09:04:30.090030012,Service Business,Stock handling,4,36.8,1.56,359.36,67.79,0,3,3,0,Completed
2025-08-27 11:59:16.785595200,Retail,Supplier coordination,4,38.2,1.8,320.51,79.19,0,0,3,0,Completed
2025-08-27 14:54:03.481160388,Restaurant,Payment,1,9.6,2.11,93.17,121.49,0,0,1,1,Completed
2025-08-27 17:48:50.176725576,Retail,Complaint handling,8,43.9,3.18,386.05,152.3,0,0,4,3,Completed
2025-08-27 20:43:36.872290764,Restaurant,Appointment,7,15.4,2.13,407.57,160.12,0,0,6,0,Completed
2025-08-27 23:38:23.567855952,Restaurant,Booking,4,13.2,0.83,336.49,61.04,0,0,3,0,Completed
2025-08-28 02:33:10.263421140,Retail,Supplier coordination,6,40.0,1.99,280.73,115.65,1,2,4,2,Delayed
2025-08-28 05:27:56.958986328,Logistics,Follow-up,10,33.5,0.83,475.54,71.62,0,2,7,2,Completed
2025-08-28 08:22:43.654551516,Restaurant,Complaint handling,10,29.5,2.45,714.38,152.98,0,1,4,4,Completed
2025-08-28 11:17:30.350116708,Retail,Complaint handling,2,36.5,2.55,165.55,183.71,0,1,1,0,Completed
2025-08-28 14:12:17.045681896,Restaurant,Follow-up,7,29.3,0.52,516.43,48.73,0,0,4,1,Completed
2025-08-28 17:07:03.741247084,Clinic,Customer enquiry,6,33.9,0.74,351.85,55.36,0,0,5,1,Completed
2025-08-28 20:01:50.436812272,Logistics,Customer enquiry,5,15.3,3.88,298.58,211.92,0,0,4,1,Completed
2025-08-28 22:56:37.132377460,Service Business,Follow-up,8,32.3,1.21,586.07,63.72,0,0,7,0,Completed
2025-08-29 01:51:23.827942648,Restaurant,Payment,10,12.9,1.95,950.47,119.2,0,0,8,0,Completed
2025-08-29 04:46:10.523507836,Clinic,Delivery,5,39.1,3.59,559.95,178.5,0,0,4,1,Completed
2025-08-29 07:40:57.219073024,Service Business,Follow-up,11,26.0,1.21,881.2,56.89,0,2,8,3,Completed
2025-08-29 10:35:43.914638212,Service Business,Delivery,4,43.2,1.56,144.23,111.9,1,1,3,1,Delayed
2025-08-29 13:30:30.610203400,Restaurant,Supplier coordination,6,47.9,0.21,586.94,52.5,0,2,5,3,Completed
2025-08-29 16:25:17.305768592,Retail,Payment,8,15.6,1.49,744.6,84.77,0,0,6,1,Completed
2025-08-29 19:20:04.001333780,Restaurant,Appointment,8,49.8,0.94,530.27,71.84,0,3,6,2,Completed
2025-08-29 22:14:50.696898968,Clinic,Delivery,14,37.2,0.95,1034.04,88.68,0,4,6,3,Completed
2025-08-30 01:09:37.392464156,Service Business,Complaint handling,6,39.7,2.18,660.55,137.99,1,2,4,2,Delayed
2025-08-30 04:04:24.088029344,Restaurant,Supplier coordination,7,52.8,3.34,793.24,189.8,0,1,4,3,Completed
2025-08-30 06:59:10.783594532,Retail,Complaint handling,6,37.9,0.96,365.52,107.75,0,1,4,1,Completed
2025-08-30 09:53:57.479159720,Restaurant,Payment,7,20.6,2.11,890.45,164.08,0,0,6,2,Completed
2025-08-30 12:48:44.174724908,Logistics,Delivery,6,51.2,0.27,531.88,76.18,0,1,3,3,Completed
2025-08-30 15:43:30.870290096,Retail,Order processing,8,28.2,0.34,1070.8,69.13,0,3,6,0,Completed
2025-08-30 18:38:17.565855284,Clinic,Payment,9,20.0,2.58,440.06,123.34,0,1,6,2,Completed
2025-08-30 21:33:04.261420476,Service Business,Payment,11,10.4,0.6,734.9,32.57,0,0,8,1,Completed
2025-08-31 00:27:50.956985664,Restaurant,Order processing,12,18.4,1.08,369.23,68.89,0,0,6,4,Completed
2025-08-31 03:22:37.652550852,Retail,Supplier coordination,3,45.3,0.75,222.19,102.54,0,1,3,2,Completed
2025-08-31 06:17:24.348116040,Logistics,Delivery,7,37.4,0.84,676.02,55.63,0,2,2,1,Completed
2025-08-31 09:12:11.043681228,Retail,Delivery,7,38.1,2.18,831.8,94.88,1,2,4,3,Delayed
2025-08-31 12:06:57.739246416,Logistics,Complaint handling,10,33.5,1.59,625.68,74.25,0,1,6,1,Completed
2025-08-31 15:01:44.434811604,Clinic,Payment,8,14.3,5.16,688.64,209.1,0,0,5,0,Completed
2025-08-31 17:56:31.130376792,Service Business,Payment,11,15.2,2.17,787.88,139.65,0,0,7,1,Completed
2025-08-31 20:51:17.825941980,Clinic,Stock handling,13,31.6,1.24,1221.33,47.45,0,0,8,4,Completed
2025-08-31 23:46:04.521507168,Restaurant,Appointment,8,24.7,1.58,602.57,122.24,0,0,6,0,Completed
2025-09-01 02:40:51.217072360,Retail,Payment,11,20.1,1.38,794.79,76.63,0,1,9,1,Completed
2025-09-01 05:35:37.912637548,Logistics,Booking,6,32.9,3.41,238.79,193.29,0,0,4,2,Completed
2025-09-01 08:30:24.608202736,Logistics,Appointment,7,20.6,0.83,591.7,50.71,0,0,7,2,Completed
2025-09-01 11:25:11.303767924,Retail,Booking,8,18.7,1.21,883.76,48.97,0,0,7,1,Completed
2025-09-01 14:19:57.999333112,Retail,Delivery,4,33.4,2.83,201.43,155.26,0,2,2,1,Completed
2025-09-01 17:14:44.694898300,Restaurant,Appointment,10,20.9,0.59,983.25,99.31,0,0,7,1,Completed
2025-09-01 20:09:31.390463488,Clinic,Payment,6,9.3,0.37,480.1,60.45,0,0,4,1,Completed
2025-09-01 23:04:18.086028676,Logistics,Order processing,6,24.9,1.2,195.34,201.65,0,0,5,1,Completed
2025-09-02 01:59:04.781593864,Restaurant,Complaint handling,9,33.8,1.42,635.78,56.32,0,0,5,3,Completed
2025-09-02 04:53:51.477159052,Clinic,Booking,7,17.9,1.09,504.99,110.85,0,0,6,4,Completed
2025-09-02 07:48:38.172724244,Restaurant,Appointment,3,19.5,0.38,263.43,55.9,0,0,2,1,Completed
2025-09-02 10:43:24.868289432,Logistics,Payment,6,7.8,1.57,541.62,135.64,0,0,3,0,Completed
2025-09-02 13:38:11.563854620,Retail,Appointment,3,18.2,0.58,243.22,108.9,0,0,1,1,Completed
2025-09-02 16:32:58.259419808,Retail,Payment,7,11.2,0.83,653.36,85.12,0,0,7,2,Completed
2025-09-02 19:27:44.954984996,Clinic,Payment,4,19.5,0.49,232.75,57.96,0,0,3,0,Completed
2025-09-02 22:22:31.650550184,Service Business,Payment,7,10.9,0.5,518.14,41.06,0,0,4,2,Completed
2025-09-03 01:17:18.346115372,Clinic,Stock handling,8,43.0,1.4,598.3,63.15,0,4,4,1,Completed
2025-09-03 04:12:05.041680560,Service Business,Complaint handling,3,40.3,2.09,311.23,109.05,0,1,2,1,Completed
2025-09-03 07:06:51.737245748,Restaurant,Order processing,8,20.8,1.23,300.52,62.42,0,1,6,2,Completed
2025-09-03 10:01:38.432810936,Restaurant,Order processing,7,22.4,0.49,638.79,67.55,0,0,6,1,Completed
2025-09-03 12:56:25.128376128,Logistics,Appointment,6,27.6,0.62,666.6,54.15,0,0,3,0,Completed
2025-09-03 15:51:11.823941316,Service Business,Appointment,7,19.4,0.45,565.63,46.34,0,0,6,1,Completed
2025-09-03 18:45:58.519506504,Logistics,Payment,7,10.0,0.79,1057.11,38.33,0,0,3,1,Completed
2025-09-03 21:40:45.215071692,Retail,Stock handling,1,23.6,0.76,67.3,52.09,0,0,1,0,Completed
2025-09-04 00:35:31.910636880,Service Business,Payment,7,12.8,0.64,524.86,65.49,0,0,6,1,Completed
2025-09-04 03:30:18.606202068,Clinic,Stock handling,5,22.9,1.59,328.94,124.07,0,0,4,1,Completed
2025-09-04 06:25:05.301767256,Retail,Payment,8,16.4,3.78,584.97,195.58,0,0,6,1,Completed
2025-09-04 09:19:51.997332444,Retail,Booking,7,35.6,0.96,642.4,69.03,0,1,5,1,Completed
2025-09-04 12:14:38.692897632,Clinic,Booking,11,15.9,0.81,769.51,44.61,0,0,9,1,Completed
2025-09-04 15:09:25.388462820,Retail,Delivery,7,40.7,1.33,419.42,104.34,0,0,4,2,Completed
2025-09-04 18:04:12.084028012,Service Business,Payment,6,12.0,1.56,257.94,75.48,0,0,2,0,Completed
2025-09-04 20:58:58.779593200,Logistics,Complaint handling,11,54.7,0.83,820.42,131.17,0,6,5,6,Completed
2025-09-04 23:53:45.475158388,Retail,Delivery,5,35.7,2.18,387.85,150.18,0,1,2,2,Completed
2025-09-05 02:48:32.170723576,Service Business,Appointment,5,21.9,2.06,356.62,166.54,0,0,4,2,Completed
2025-09-05 05:43:18.866288764,Restaurant,Supplier coordination,5,43.8,2.41,634.64,146.06,1,1,5,3,Delayed
2025-09-05 08:38:05.561853952,Service Business,Payment,7,10.8,1.55,645.98,124.79,0,1,4,0,Completed
2025-09-05 11:32:52.257419140,Logistics,Booking,9,16.4,0.85,595.7,74.73,0,0,5,0,Completed
2025-09-05 14:27:38.952984328,Service Business,Supplier coordination,7,47.5,0.62,655.55,65.99,0,2,3,4,Completed
2025-09-05 17:22:25.648549516,Clinic,Stock handling,11,24.2,1.12,1056.98,186.06,0,1,7,2,Completed
2025-09-05 20:17:12.344114704,Logistics,Supplier coordination,3,36.9,2.55,233.67,179.72,0,0,2,1,Completed
2025-09-05 23:11:59.039679896,Restaurant,Complaint handling,9,40.1,0.51,620.59,48.51,0,0,6,3,Completed
2025-09-06 02:06:45.735245084,Clinic,Payment,6,16.8,1.29,339.08,87.55,0,0,3,2,Completed
2025-09-06 05:01:32.430810272,Service Business,Order processing,3,24.6,3.74,324.59,212.4,0,1,2,1,Completed
2025-09-06 07:56:19.126375460,Logistics,Supplier coordination,8,39.2,0.36,595.68,44.3,0,0,7,1,Completed
2025-09-06 10:51:05.821940648,Restaurant,Order processing,8,18.6,0.46,590.48,27.19,0,0,6,4,Completed
2025-09-06 13:45:52.517505836,Clinic,Stock handling,9,36.2,2.6,922.6,116.36,0,3,7,2,Completed
2025-09-06 16:40:39.213071024,Restaurant,Delivery,9,35.2,2.02,708.61,148.6,0,2,5,3,Completed
2025-09-06 19:35:25.908636212,Service Business,Order processing,2,21.6,3.57,264.25,244.45,0,0,2,0,Completed
2025-09-06 22:30:12.604201400,Restaurant,Delivery,8,35.6,2.5,531.44,68.04,0,1,6,4,Completed
2025-09-07 01:24:59.299766588,Retail,Booking,4,22.2,6.37,279.36,280.1,0,1,4,0,Completed
2025-09-07 04:19:45.995331776,Clinic,Payment,4,26.3,0.81,250.18,76.79,0,2,3,0,Completed
2025-09-07 07:14:32.690896968,Restaurant,Supplier coordination,3,38.7,1.3,179.2,136.0,0,0,1,1,Completed
2025-09-07 10:09:19.386462156,Service Business,Booking,6,11.9,2.76,521.55,150.23,0,0,2,2,Completed
2025-09-07 13:04:06.082027344,Service Business,Booking,6,15.1,1.71,561.55,115.43,0,1,1,1,Completed
2025-09-07 15:58:52.777592532,Restaurant,Follow-up,6,26.4,3.46,417.62,182.89,0,1,6,1,Completed
2025-09-07 18:53:39.473157720,Service Business,Customer enquiry,8,14.7,0.74,631.34,69.06,0,0,5,1,Completed
2025-09-07 21:48:26.168722908,Logistics,Complaint handling,7,43.6,3.64,578.53,224.61,0,4,4,3,Completed
2025-09-08 00:43:12.864288096,Logistics,Delivery,4,43.2,0.84,425.82,53.74,0,0,1,1,Completed
2025-09-08 03:37:59.559853284,Logistics,Follow-up,4,24.0,2.12,258.72,100.36,0,0,1,0,Completed
2025-09-08 06:32:46.255418472,Retail,Customer enquiry,9,20.6,1.64,737.15,91.75,0,1,4,1,Completed
2025-09-08 09:27:32.950983660,Restaurant,Complaint handling,12,36.1,1.64,1050.09,91.59,0,2,11,3,Completed
2025-09-08 12:22:19.646548852,Retail,Delivery,7,43.5,1.98,609.11,82.76,0,1,6,3,Completed
2025-09-08 15:17:06.342114040,Service Business,Payment,7,9.2,0.13,557.54,49.87,0,0,5,1,Completed
2025-09-08 18:11:53.037679228,Retail,Complaint handling,4,42.8,1.36,402.02,71.27,0,1,4,1,Completed
2025-09-08 21:06:39.733244416,Service Business,Supplier coordination,10,40.6,0.84,627.19,95.25,0,2,4,2,Completed
2025-09-09 00:01:26.428809604,Service Business,Booking,3,19.6,1.42,222.62,83.6,0,0,2,0,Completed
2025-09-09 02:56:13.124374792,Clinic,Customer enquiry,7,14.7,1.64,455.04,49.56,0,0,6,1,Completed
2025-09-09 05:50:59.819939980,Logistics,Customer enquiry,9,16.5,2.49,571.55,139.75,0,0,5,1,Completed
2025-09-09 08:45:46.515505168,Service Business,Customer enquiry,7,15.8,0.43,563.95,41.3,0,0,5,1,Completed
2025-09-09 11:40:33.211070356,Clinic,Delivery,12,33.2,1.94,1198.12,101.09,0,2,7,1,Completed
2025-09-09 14:35:19.906635544,Logistics,Supplier coordination,9,37.7,0.43,547.07,132.04,0,1,7,3,Completed
2025-09-09 17:30:06.602200736,Service Business,Complaint handling,6,31.6,2.42,589.43,102.17,0,0,4,1,Completed
2025-09-09 20:24:53.297765924,Service Business,Booking,6,15.0,0.63,424.16,57.33,0,0,4,0,Completed
2025-09-09 23:19:39.993331112,Retail,Supplier coordination,1,46.0,1.34,56.93,93.5,0,1,1,0,Completed
2025-09-10 02:14:26.688896300,Retail,Follow-up,7,36.8,0.89,443.99,41.44,0,2,5,3,Completed
2025-09-10 05:09:13.384461488,Logistics,Payment,10,19.8,0.35,990.68,19.49,0,1,6,3,Completed
2025-09-10 08:04:00.080026676,Service Business,Order processing,9,31.5,2.37,496.44,97.07,1,3,5,1,Delayed
2025-09-10 10:58:46.775591864,Restaurant,Supplier coordination,6,52.6,1.58,732.81,79.43,0,2,5,2,Completed
2025-09-10 13:53:33.471157052,Retail,Follow-up,5,29.2,1.79,405.29,118.31,0,0,5,1,Completed
2025-09-10 16:48:20.166722240,Logistics,Booking,8,22.8,0.8,325.19,58.86,0,0,7,0,Completed
2025-09-10 19:43:06.862287428,Service Business,Order processing,2,22.6,1.19,110.38,50.63,0,0,2,1,Completed
2025-09-10 22:37:53.557852620,Service Business,Order processing,12,24.8,1.55,1153.47,135.3,0,0,11,2,Completed
2025-09-11 01:32:40.253417808,Restaurant,Supplier coordination,5,41.5,0.36,229.58,51.42,0,0,2,1,Completed
2025-09-11 04:27:26.948982996,Logistics,Customer enquiry,5,21.3,0.35,462.75,23.27,0,0,4,1,Completed
2025-09-11 07:22:13.644548184,Service Business,Appointment,10,21.4,2.05,522.61,106.31,0,0,6,2,Completed
2025-09-11 10:17:00.340113372,Retail,Booking,6,12.3,0.14,516.38,38.99,0,0,5,1,Completed
2025-09-11 13:11:47.035678560,Restaurant,Customer enquiry,7,16.3,1.81,748.84,153.11,0,0,5,1,Completed
2025-09-11 16:06:33.731243748,Logistics,Booking,9,14.5,0.2,776.99,27.42,0,0,6,0,Completed
2025-09-11 19:01:20.426808936,Restaurant,Appointment,10,16.1,2.14,967.48,90.59,0,0,6,3,Completed
2025-09-11 21:56:07.122374124,Retail,Payment,6,23.4,1.77,563.93,88.49,0,1,3,0,Completed
2025-09-12 00:50:53.817939312,Logistics,Appointment,8,23.2,0.43,423.21,31.48,0,1,7,2,Completed
2025-09-12 03:45:40.513504504,Restaurant,Stock handling,8,29.4,1.55,410.98,123.89,1,3,5,3,Delayed
2025-09-12 06:40:27.209069692,Clinic,Supplier coordination,9,47.2,2.08,353.21,153.61,0,2,5,4,Completed
2025-09-12 09:35:13.904634880,Retail,Supplier coordination,10,47.2,0.86,848.08,43.44,0,4,6,3,Completed
2025-09-12 12:30:00.600200068,Retail,Follow-up,8,25.9,1.04,606.36,61.55,0,1,7,3,Completed
2025-09-12 15:24:47.295765256,Retail,Customer enquiry,8,22.1,0.95,448.46,56.92,0,0,6,1,Completed
2025-09-12 18:19:33.991330444,Clinic,Follow-up,14,32.3,0.8,1194.89,65.02,0,2,9,4,Completed
2025-09-12 21:14:20.686895632,Clinic,Stock handling,10,26.8,2.13,1133.47,123.69,0,2,7,4,Completed
2025-09-13 00:09:07.382460820,Service Business,Appointment,8,18.0,2.13,745.47,148.68,0,0,6,0,Completed
2025-09-13 03:03:54.078026008,Restaurant,Supplier coordination,10,43.6,0.45,1081.93,69.33,0,3,6,4,Completed
2025-09-13 05:58:40.773591196,Service Business,Delivery,5,54.1,3.11,347.53,185.48,1,3,4,4,Delayed
2025-09-13 08:53:27.469156388,Restaurant,Appointment,5,20.7,1.28,409.26,157.99,0,0,3,0,Completed
2025-09-13 11:48:14.164721576,Clinic,Appointment,5,20.9,1.86,425.14,113.0,0,1,4,0,Completed
2025-09-13 14:43:00.860286764,Clinic,Stock handling,7,28.2,5.27,676.31,296.19,0,0,6,1,Completed
2025-09-13 17:37:47.555851952,Service Business,Payment,5,21.9,1.22,221.43,49.7,0,1,2,3,Completed
2025-09-13 20:32:34.251417140,Logistics,Booking,3,10.2,1.36,333.23,65.31,0,0,3,0,Completed
2025-09-13 23:27:20.946982328,Service Business,Stock handling,4,38.8,1.04,332.67,86.97,0,2,3,1,Completed
2025-09-14 02:22:07.642547516,Restaurant,Booking,15,10.0,0.4,1601.02,52.05,0,0,10,3,Completed
2025-09-14 05:16:54.338112704,Service Business,Supplier coordination,7,58.0,0.94,708.52,53.05,0,2,4,1,Completed
2025-09-14 08:11:41.033677892,Retail,Stock handling,6,27.5,0.97,185.82,64.84,0,2,4,4,Completed
2025-09-14 11:06:27.729243080,Restaurant,Booking,6,11.5,0.1,512.04,26.75,0,0,4,1,Completed
2025-09-14 14:01:14.424808272,Restaurant,Follow-up,8,27.6,0.71,710.49,69.76,0,0,3,4,Completed
2025-09-14 16:56:01.120373460,Logistics,Stock handling,4,20.7,0.54,292.9,173.76,0,0,4,0,Completed
2025-09-14 19:50:47.815938648,Clinic,Supplier coordination,6,40.4,0.92,469.24,105.51,0,0,6,1,Completed
2025-09-14 22:45:34.511503836,Restaurant,Stock handling,7,26.4,0.55,410.55,60.3,0,0,4,1,Completed
2025-09-15 01:40:21.207069024,Clinic,Supplier coordination,7,44.9,2.59,522.17,177.9,0,2,4,0,Completed
2025-09-15 04:35:07.902634212,Service Business,Stock handling,3,28.4,1.09,212.22,57.36,0,0,1,0,Completed
2025-09-15 07:29:54.598199400,Retail,Booking,5,12.5,0.67,333.18,128.66,0,0,1,2,Completed
2025-09-15 10:24:41.293764588,Logistics,Payment,8,14.4,2.73,559.56,155.84,0,0,6,0,Completed
2025-09-15 13:19:27.989329776,Clinic,Complaint handling,5,34.1,1.94,130.33,152.28,0,2,3,2,Completed
2025-09-15 16:14:14.684894964,Restaurant,Booking,8,10.9,0.9,532.69,88.8,0,0,4,1,Completed
2025-09-15 19:09:01.380460156,Clinic,Customer enquiry,5,16.6,0.5,289.93,45.71,0,0,3,0,Completed
2025-09-15 22:03:48.076025344,Restaurant,Order processing,6,28.4,3.54,358.06,196.33,0,1,5,0,Completed
2025-09-16 00:58:34.771590532,Clinic,Payment,10,15.1,1.1,476.15,173.71,0,0,9,1,Completed
2025-09-16 03:53:21.467155720,Restaurant,Follow-up,10,24.3,2.01,728.9,176.58,0,0,7,2,Completed
2025-09-16 06:48:08.162720908,Service Business,Appointment,8,21.7,2.42,467.9,122.36,0,0,6,3,Completed
2025-09-16 09:42:54.858286096,Restaurant,Booking,3,11.4,5.76,174.55,297.35,0,0,1,0,Completed
2025-09-16 12:37:41.553851284,Restaurant,Stock handling,12,25.5,1.05,968.07,76.17,0,2,5,5,Completed
2025-09-16 15:32:28.249416472,Retail,Booking,7,14.3,0.95,796.62,77.11,0,0,3,0,Completed
2025-09-16 18:27:14.944981660,Restaurant,Delivery,7,39.5,1.01,566.34,146.46,0,1,6,2,Completed
2025-09-16 21:22:01.640546848,Retail,Payment,6,14.0,1.61,609.5,92.93,0,0,3,2,Completed
2025-09-17 00:16:48.336112040,Logistics,Complaint handling,5,30.4,2.34,379.4,161.51,0,2,3,0,Completed
2025-09-17 03:11:35.031677228,Retail,Follow-up,7,26.5,0.57,927.32,63.64,1,1,5,3,Delayed
2025-09-17 06:06:21.727242416,Service Business,Delivery,5,34.8,1.97,266.59,99.89,0,0,4,1,Completed
2025-09-17 09:01:08.422807604,Retail,Supplier coordination,5,41.0,1.01,170.75,160.21,0,2,3,5,Completed
2025-09-17 11:55:55.118372792,Logistics,Delivery,6,34.5,1.51,586.15,69.96,0,1,4,0,Completed
2025-09-17 14:50:41.813937980,Service Business,Booking,3,21.4,3.59,282.5,191.07,0,0,3,0,Completed
2025-09-17 17:45:28.509503168,Clinic,Follow-up,3,26.4,2.35,114.66,105.34,0,0,3,1,Completed
2025-09-17 20:40:15.205068356,Clinic,Booking,10,36.9,3.41,747.28,168.59,0,1,4,3,Completed
2025-09-17 23:35:01.900633544,Retail,Supplier coordination,3,42.7,1.04,352.5,74.48,0,0,1,1,Completed
2025-09-18 02:29:48.596198732,Retail,Appointment,4,16.9,3.78,390.54,181.8,0,2,2,1,Completed
2025-09-18 05:24:35.291763924,Logistics,Follow-up,7,24.1,2.7,308.42,91.05,0,0,4,1,Completed
2025-09-18 08:19:21.987329112,Logistics,Appointment,10,31.1,1.48,333.79,102.74,1,2,5,2,Delayed
2025-09-18 11:14:08.682894300,Restaurant,Payment,12,8.9,3.54,1363.16,170.61,0,0,6,1,Completed
2025-09-18 14:08:55.378459488,Logistics,Payment,11,22.4,1.95,652.54,110.81,0,1,5,3,Completed
2025-09-18 17:03:42.074024676,Restaurant,Appointment,8,24.9,1.12,794.4,131.55,0,2,5,1,Completed
2025-09-18 19:58:28.769589864,Service Business,Payment,5,14.6,1.06,468.19,56.81,0,0,4,2,Completed
2025-09-18 22:53:15.465155052,Retail,Follow-up,5,37.5,1.76,387.32,81.15,0,0,3,1,Completed
2025-09-19 01:48:02.160720240,Service Business,Stock handling,3,32.1,2.11,184.55,127.85,0,0,2,0,Completed
2025-09-19 04:42:48.856285428,Logistics,Customer enquiry,7,17.8,2.46,775.5,135.66,0,0,6,1,Completed
2025-09-19 07:37:35.551850616,Service Business,Payment,8,8.1,0.63,229.13,63.62,0,1,4,0,Completed
2025-09-19 10:32:22.247415808,Service Business,Payment,7,17.0,1.73,714.8,119.8,0,0,4,0,Completed
2025-09-19 13:27:08.942980996,Service Business,Booking,5,11.8,1.09,354.28,84.0,0,0,4,1,Completed
2025-09-19 16:21:55.638546184,Logistics,Appointment,5,18.0,1.13,306.15,166.28,0,1,5,0,Completed
2025-09-19 19:16:42.334111372,Service Business,Order processing,5,23.7,0.64,376.65,58.56,0,0,5,0,Completed
2025-09-19 22:11:29.029676560,Restaurant,Complaint handling,9,31.9,0.63,925.25,63.61,0,1,8,3,Completed
2025-09-20 01:06:15.725241748,Logistics,Delivery,7,38.2,0.4,353.84,34.43,0,3,5,4,Completed
2025-09-20 04:01:02.420806936,Service Business,Payment,8,12.3,1.57,682.35,71.13,0,0,5,3,Completed
2025-09-20 06:55:49.116372124,Logistics,Delivery,2,39.1,3.27,182.32,187.43,1,1,2,1,Delayed
2025-09-20 09:50:35.811937312,Clinic,Follow-up,10,31.4,0.26,735.92,53.09,1,3,5,2,Delayed
2025-09-20 12:45:22.507502500,Restaurant,Order processing,1,35.5,2.61,53.68,158.23,0,0,1,0,Completed
2025-09-20 15:40:09.203067688,Service Business,Complaint handling,2,38.9,2.3,119.78,139.38,0,0,1,1,Completed
2025-09-20 18:34:55.898632880,Clinic,Appointment,6,24.0,1.41,703.08,78.38,0,1,4,3,Completed
2025-09-20 21:29:42.594198068,Clinic,Customer enquiry,16,16.9,2.51,1580.14,128.07,0,0,10,3,Completed
2025-09-21 00:24:29.289763256,Logistics,Complaint handling,7,32.3,2.62,638.27,190.06,0,2,4,3,Completed
2025-09-21 03:19:15.985328444,Clinic,Complaint handling,8,28.9,2.07,998.83,229.5,0,1,3,3,Completed
2025-09-21 06:14:02.680893632,Restaurant,Customer enquiry,8,17.1,2.38,485.18,106.86,0,0,5,0,Completed
2025-09-21 09:08:49.376458820,Restaurant,Stock handling,9,30.1,1.73,698.7,110.42,0,1,6,1,Completed
2025-09-21 12:03:36.072024008,Retail,Appointment,7,16.5,3.65,553.31,216.82,0,0,5,0,Completed
2025-09-21 14:58:22.767589196,Restaurant,Booking,8,14.7,1.38,841.65,65.27,0,0,3,1,Completed
2025-09-21 17:53:09.463154384,Clinic,Delivery,12,39.0,2.26,504.24,152.91,0,4,5,3,Completed
2025-09-21 20:47:56.158719572,Restaurant,Payment,7,15.5,1.84,558.78,90.86,0,0,4,1,Completed
2025-09-21 23:42:42.854284764,Logistics,Complaint handling,7,37.4,0.89,545.68,72.81,0,0,7,0,Completed
2025-09-22 02:37:29.549849952,Retail,Follow-up,9,34.2,0.96,865.12,79.24,1,2,4,4,Delayed
2025-09-22 05:32:16.245415140,Clinic,Customer enquiry,9,13.9,1.16,616.03,69.01,0,0,6,0,Completed
2025-09-22 08:27:02.940980328,Retail,Delivery,3,39.7,3.57,314.13,156.4,0,0,3,0,Completed
2025-09-22 11:21:49.636545516,Clinic,Order processing,4,24.6,1.26,347.59,67.1,0,0,3,0,Completed
2025-09-22 14:16:36.332110704,Logistics,Customer enquiry,7,12.9,3.26,425.85,141.03,0,0,5,0,Completed
2025-09-22 17:11:23.027675892,Retail,Order processing,7,34.7,1.74,634.89,66.32,0,0,6,1,Completed
2025-09-22 20:06:09.723241080,Service Business,Appointment,9,27.0,1.8,678.34,88.78,0,0,6,3,Completed
2025-09-22 23:00:56.418806268,Clinic,Complaint handling,8,30.8,1.41,710.14,92.36,0,1,4,3,Completed
2025-09-23 01:55:43.114371456,Service Business,Follow-up,6,26.1,4.2,311.54,189.16,1,0,5,0,Delayed
2025-09-23 04:50:29.809936648,Retail,Payment,8,11.7,1.31,576.4,86.55,0,0,5,0,Completed
2025-09-23 07:45:16.505501836,Service Business,Order processing,5,34.4,4.38,502.07,291.14,0,0,5,1,Completed
2025-09-23 10:40:03.201067024,Service Business,Delivery,5,42.1,0.21,544.61,59.62,0,2,3,1,Completed
2025-09-23 13:34:49.896632212,Retail,Stock handling,4,29.8,0.76,350.76,40.8,0,1,3,2,Completed
2025-09-23 16:29:36.592197400,Logistics,Appointment,7,22.0,2.34,509.65,104.86,1,2,6,2,Delayed
2025-09-23 19:24:23.287762588,Service Business,Stock handling,5,32.6,2.97,329.65,155.14,0,1,3,1,Completed
2025-09-23 22:19:09.983327776,Service Business,Appointment,3,15.6,2.34,187.77,161.35,0,0,2,2,Completed
2025-09-24 01:13:56.678892964,Logistics,Booking,6,14.6,0.69,375.3,52.91,0,0,4,0,Completed
2025-09-24 04:08:43.374458152,Service Business,Delivery,11,44.5,1.29,652.99,48.51,0,6,4,3,Completed
2025-09-24 07:03:30.070023340,Service Business,Stock handling,7,32.0,0.71,532.96,58.82,0,2,3,0,Completed
2025-09-24 09:58:16.765588532,Service Business,Follow-up,8,38.2,3.61,520.94,217.13,0,1,7,1,Completed
2025-09-24 12:53:03.461153720,Restaurant,Complaint handling,9,41.0,0.68,811.41,67.71,0,3,6,4,Completed
2025-09-24 15:47:50.156718908,Logistics,Customer enquiry,7,15.4,2.5,601.51,204.96,0,0,4,2,Completed
2025-09-24 18:42:36.852284096,Service Business,Payment,5,9.1,0.35,510.73,68.42,0,0,2,0,Completed
2025-09-24 21:37:23.547849284,Logistics,Complaint handling,9,36.3,1.54,814.08,79.69,0,3,4,2,Completed
2025-09-25 00:32:10.243414472,Clinic,Complaint handling,11,45.0,3.15,1060.83,151.94,0,2,8,3,Completed
2025-09-25 03:26:56.938979660,Clinic,Appointment,7,19.7,0.71,420.01,52.84,0,1,5,1,Completed
2025-09-25 06:21:43.634544848,Service Business,Follow-up,11,30.0,1.37,976.54,100.4,0,0,6,3,Completed
2025-09-25 09:16:30.330110036,Logistics,Appointment,9,30.6,1.08,751.35,93.74,0,0,4,3,Completed
2025-09-25 12:11:17.025675224,Logistics,Supplier coordination,6,38.1,1.28,207.3,75.59,0,3,4,0,Completed
2025-09-25 15:06:03.721240416,Logistics,Order processing,8,35.0,0.86,614.18,66.14,0,1,5,4,Completed
2025-09-25 18:00:50.416805604,Restaurant,Payment,8,8.6,1.65,447.05,86.31,0,0,8,0,Completed
2025-09-25 20:55:37.112370792,Clinic,Order processing,11,26.2,3.33,489.76,139.79,0,2,6,4,Completed
2025-09-25 23:50:23.807935980,Logistics,Customer enquiry,8,22.5,1.65,569.37,55.9,0,1,7,1,Completed
2025-09-26 02:45:10.503501168,Logistics,Supplier coordination,5,46.5,2.33,320.29,135.37,0,2,4,3,Completed
2025-09-26 05:39:57.199066356,Restaurant,Delivery,6,33.7,1.58,368.56,109.9,0,2,3,2,Completed
2025-09-26 08:34:43.894631544,Restaurant,Customer enquiry,9,20.8,1.62,417.14,129.73,0,0,7,1,Completed
2025-09-26 11:29:30.590196732,Logistics,Customer enquiry,4,15.4,4.07,468.47,279.76,0,0,1,0,Completed
2025-09-26 14:24:17.285761920,Retail,Booking,4,17.2,2.5,202.36,102.77,0,0,2,1,Completed
2025-09-26 17:19:03.981327108,Logistics,Payment,8,13.2,8.56,564.72,484.07,0,0,6,2,Completed
2025-09-26 20:13:50.676892300,Logistics,Appointment,4,15.9,1.64,372.04,76.84,0,0,2,1,Completed
2025-09-26 23:08:37.372457488,Restaurant,Follow-up,4,36.5,1.3,398.11,95.0,0,2,1,1,Completed
2025-09-27 02:03:24.068022676,Restaurant,Order processing,6,23.8,0.79,322.57,65.94,0,1,4,0,Completed
2025-09-27 04:58:10.763587864,Logistics,Customer enquiry,3,31.1,1.35,219.59,68.65,0,1,2,0,Completed
2025-09-27 07:52:57.459153052,Logistics,Order processing,9,23.9,2.17,811.6,100.0,0,1,7,1,Completed
2025-09-27 10:47:44.154718240,Logistics,Order processing,6,27.6,1.19,507.33,78.82,0,1,4,2,Completed
2025-09-27 13:42:30.850283428,Restaurant,Delivery,5,36.9,2.04,431.89,67.99,0,1,3,0,Completed
2025-09-27 16:37:17.545848616,Logistics,Payment,6,13.8,0.45,310.45,36.28,0,0,4,2,Completed
2025-09-27 19:32:04.241413804,Logistics,Payment,7,16.2,3.04,418.85,179.05,0,0,4,1,Completed
2025-09-27 22:26:50.936978992,Service Business,Stock handling,12,21.6,0.73,895.99,70.86,0,0,5,2,Completed
2025-09-28 01:21:37.632544184,Retail,Complaint handling,6,31.6,1.3,426.79,118.93,0,3,2,1,Completed
2025-09-28 04:16:24.328109372,Clinic,Payment,12,20.7,0.89,979.4,78.78,0,1,6,2,Completed
2025-09-28 07:11:11.023674560,Retail,Order processing,7,33.8,2.32,383.26,138.33,0,1,4,2,Completed
2025-09-28 10:05:57.719239748,Service Business,Appointment,5,19.4,1.54,497.42,64.31,0,0,5,0,Completed
2025-09-28 13:00:44.414804936,Clinic,Order processing,7,27.8,2.68,362.4,94.4,0,0,4,4,Completed
2025-09-28 15:55:31.110370124,Logistics,Appointment,6,28.0,2.13,498.43,100.61,0,0,4,3,Completed
2025-09-28 18:50:17.805935312,Service Business,Stock handling,6,25.9,1.92,360.66,96.3,0,1,6,1,Completed
2025-09-28 21:45:04.501500500,Logistics,Appointment,8,18.2,0.89,577.33,38.58,0,2,6,1,Completed
2025-09-29 00:39:51.197065688,Restaurant,Payment,7,9.5,2.74,319.12,130.67,0,0,4,0,Completed
2025-09-29 03:34:37.892630876,Service Business,Delivery,10,46.6,1.21,743.04,75.86,0,2,5,6,Completed
2025-09-29 06:29:24.588196068,Restaurant,Appointment,7,19.1,1.52,648.47,89.68,0,1,2,1,Completed
2025-09-29 09:24:11.283761256,Service Business,Order processing,4,30.2,2.9,423.39,99.49,0,1,1,2,Completed
2025-09-29 12:18:57.979326444,Service Business,Follow-up,5,32.5,0.82,379.23,54.85,0,0,3,0,Completed
2025-09-29 15:13:44.674891632,Restaurant,Payment,9,17.8,1.61,460.8,83.88,0,0,8,2,Completed
2025-09-29 18:08:31.370456820,Clinic,Follow-up,5,33.1,1.8,479.69,88.59,0,1,4,2,Completed
2025-09-29 21:03:18.066022008,Retail,Supplier coordination,10,51.3,3.49,856.34,160.67,1,4,4,5,Delayed
2025-09-29 23:58:04.761587196,Logistics,Supplier coordination,6,38.4,1.14,445.69,85.05,0,1,4,0,Completed
2025-09-30 02:52:51.457152384,Service Business,Order processing,7,20.6,0.59,462.71,133.8,0,2,3,4,Completed
2025-09-30 05:47:38.152717572,Logistics,Supplier coordination,10,37.0,3.85,753.37,265.15,0,1,5,2,Completed
2025-09-30 08:42:24.848282760,Restaurant,Complaint handling,11,34.8,2.02,865.01,98.95,0,2,8,4,Completed
2025-09-30 11:37:11.543847952,Logistics,Stock handling,7,26.9,2.64,670.68,186.11,0,0,5,2,Completed
2025-09-30 14:31:58.239413140,Restaurant,Payment,8,8.5,1.92,474.78,139.32,0,0,5,1,Completed
2025-09-30 17:26:44.934978328,Logistics,Follow-up,10,23.4,2.03,631.17,83.06,0,1,7,3,Completed
2025-09-30 20:21:31.630543516,Retail,Order processing,8,39.0,1.94,582.66,86.62,0,1,3,5,Completed
2025-09-30 23:16:18.326108704,Retail,Complaint handling,1,40.2,3.38,48.13,204.9,0,0,1,0,Completed
2025-10-01 02:11:05.021673892,Retail,Order processing,8,19.9,4.47,745.04,254.66,0,0,6,1,Completed
2025-10-01 05:05:51.717239080,Retail,Complaint handling,3,37.7,1.2,273.02,66.43,0,0,2,2,Completed
2025-10-01 08:00:38.412804268,Retail,Supplier coordination,9,39.2,1.85,760.99,133.47,0,0,6,4,Completed
2025-10-01 10:55:25.108369456,Retail,Supplier coordination,9,40.5,1.27,1181.21,106.54,1,3,7,7,Delayed
2025-10-01 13:50:11.803934644,Restaurant,Appointment,1,27.6,0.3,92.96,22.24,0,1,0,0,Completed
2025-10-01 16:44:58.499499836,Service Business,Booking,6,15.5,1.82,645.56,236.93,0,0,3,1,Completed
2025-10-01 19:39:45.195065024,Logistics,Order processing,4,22.3,3.35,317.37,153.68,0,1,2,0,Completed
2025-10-01 22:34:31.890630212,Retail,Appointment,9,35.3,1.51,593.41,122.81,1,2,5,3,Delayed
2025-10-02 01:29:18.586195400,Restaurant,Payment,4,10.5,0.95,185.39,65.18,0,0,4,0,Completed
2025-10-02 04:24:05.281760588,Restaurant,Appointment,6,25.0,1.82,508.43,89.48,0,2,3,2,Completed
2025-10-02 07:18:51.977325776,Restaurant,Customer enquiry,5,17.7,1.99,449.51,153.91,0,0,3,2,Completed
2025-10-02 10:13:38.672890964,Service Business,Supplier coordination,10,44.3,1.78,984.52,99.89,0,3,8,1,Completed
2025-10-02 13:08:25.368456152,Logistics,Customer enquiry,8,23.5,1.7,535.5,121.53,1,1,7,2,Delayed
2025-10-02 16:03:12.064021340,Service Business,Order processing,12,36.9,1.59,1112.04,96.3,0,0,8,4,Completed
2025-10-02 18:57:58.759586528,Clinic,Follow-up,6,24.1,1.03,296.68,93.72,0,0,3,1,Completed
2025-10-02 21:52:45.455151720,Restaurant,Follow-up,3,43.2,0.64,239.95,47.45,0,1,2,0,Completed
2025-10-03 00:47:32.150716908,Clinic,Payment,6,14.2,1.33,540.71,167.62,0,0,3,0,Completed
2025-10-03 03:42:18.846282096,Retail,Appointment,11,24.1,4.2,1014.01,220.6,0,0,6,4,Completed
2025-10-03 06:37:05.541847284,Retail,Follow-up,8,27.8,1.25,768.32,88.69,0,1,5,0,Completed
2025-10-03 09:31:52.237412472,Service Business,Complaint handling,7,34.8,0.44,628.48,37.86,0,1,5,1,Completed
2025-10-03 12:26:38.932977660,Logistics,Complaint handling,6,38.2,1.44,482.7,120.53,0,2,2,4,Completed
2025-10-03 15:21:25.628542848,Clinic,Payment,4,8.3,2.03,421.17,82.38,0,0,3,0,Completed
2025-10-03 18:16:12.324108036,Logistics,Stock handling,4,29.3,2.24,307.4,91.31,0,1,3,2,Completed
2025-10-03 21:10:59.019673224,Service Business,Supplier coordination,4,41.7,3.49,311.09,134.7,0,0,3,2,Completed
2025-10-04 00:05:45.715238412,Retail,Appointment,9,28.8,1.61,1014.79,106.47,0,2,6,5,Completed
2025-10-04 03:00:32.410803604,Logistics,Order processing,2,21.5,1.96,33.03,105.51,0,0,2,0,Completed
2025-10-04 05:55:19.106368792,Logistics,Delivery,4,44.6,1.73,362.65,92.44,1,1,2,0,Delayed
2025-10-04 08:50:05.801933980,Retail,Delivery,8,33.6,4.5,731.2,199.13,0,1,3,1,Completed
2025-10-04 11:44:52.497499168,Clinic,Delivery,9,37.5,5.8,618.69,234.52,0,2,7,3,Completed
2025-10-04 14:39:39.193064356,Retail,Follow-up,10,28.3,1.12,784.12,89.65,0,1,4,1,Completed
2025-10-04 17:34:25.888629544,Logistics,Stock handling,11,28.6,2.42,854.77,151.55,0,1,9,2,Completed
2025-10-04 20:29:12.584194732,Clinic,Stock handling,7,30.8,4.21,513.13,173.2,0,0,5,2,Completed
2025-10-04 23:23:59.279759920,Clinic,Appointment,7,19.9,3.08,536.26,177.5,0,1,6,0,Completed
2025-10-05 02:18:45.975325108,Retail,Appointment,5,18.1,0.61,431.89,45.46,0,1,2,0,Completed
2025-10-05 05:13:32.670890296,Logistics,Stock handling,9,27.1,1.99,584.66,90.05,0,1,7,3,Completed
2025-10-05 08:08:19.366455484,Service Business,Payment,3,19.1,1.58,233.7,67.32,0,0,3,0,Completed
2025-10-05 11:03:06.062020676,Logistics,Appointment,5,33.3,8.85,241.58,521.64,0,0,3,2,Completed
2025-10-05 13:57:52.757585864,Restaurant,Payment,4,18.9,2.46,257.91,112.49,0,0,2,1,Completed
2025-10-05 16:52:39.453151052,Service Business,Customer enquiry,10,20.7,0.16,541.04,30.21,0,1,7,0,Completed
2025-10-05 19:47:26.148716240,Clinic,Complaint handling,5,37.9,1.41,407.07,108.0,0,1,2,1,Completed
2025-10-05 22:42:12.844281428,Service Business,Supplier coordination,4,40.4,1.05,220.52,56.26,0,2,2,0,Completed
2025-10-06 01:36:59.539846616,Clinic,Appointment,7,18.9,1.09,331.49,99.97,0,0,6,1,Completed
2025-10-06 04:31:46.235411804,Clinic,Stock handling,6,34.1,0.96,284.6,62.04,0,2,3,1,Completed
2025-10-06 07:26:32.930976992,Service Business,Complaint handling,9,49.7,2.93,497.61,162.05,1,5,4,3,Delayed
2025-10-06 10:21:19.626542180,Clinic,Complaint handling,7,40.8,0.44,704.85,51.78,0,1,4,1,Completed
2025-10-06 13:16:06.322107368,Clinic,Booking,5,20.5,2.32,558.97,128.1,0,0,3,0,Completed
2025-10-06 16:10:53.017672560,Restaurant,Stock handling,5,24.0,2.01,352.79,155.99,0,1,4,2,Completed
2025-10-06 19:05:39.713237748,Logistics,Supplier coordination,11,42.6,2.83,496.59,107.95,0,2,9,1,Completed
2025-10-06 22:00:26.408802936,Logistics,Stock handling,7,22.5,1.86,499.7,131.82,0,2,3,4,Completed
2025-10-07 00:55:13.104368124,Restaurant,Appointment,6,21.2,0.41,650.94,66.89,0,0,5,2,Completed
2025-10-07 03:49:59.799933312,Service Business,Order processing,7,27.4,1.58,581.3,186.78,0,1,5,1,Completed
2025-10-07 06:44:46.495498500,Retail,Customer enquiry,9,20.0,1.26,412.73,101.92,0,1,9,2,Completed
2025-10-07 09:39:33.191063688,Retail,Payment,6,8.1,2.73,708.74,199.96,0,0,4,0,Completed
2025-10-07 12:34:19.886628876,Retail,Order processing,9,19.8,0.95,631.04,46.59,0,0,7,0,Completed
2025-10-07 15:29:06.582194064,Restaurant,Customer enquiry,3,16.7,1.5,198.76,94.44,0,0,2,0,Completed
2025-10-07 18:23:53.277759252,Restaurant,Order processing,6,40.9,2.01,622.67,123.67,0,0,3,1,Completed
2025-10-07 21:18:39.973324444,Clinic,Payment,9,16.4,3.45,756.83,162.68,0,0,8,2,Completed
2025-10-08 00:13:26.668889632,Retail,Follow-up,5,23.1,0.83,531.8,69.33,0,0,5,2,Completed
2025-10-08 03:08:13.364454820,Service Business,Stock handling,10,29.3,3.25,749.81,189.66,0,2,5,4,Completed
2025-10-08 06:03:00.060020008,Service Business,Order processing,5,29.8,2.46,381.78,157.56,0,1,3,0,Completed
2025-10-08 08:57:46.755585196,Retail,Appointment,7,17.2,1.76,472.68,121.11,0,0,5,1,Completed
2025-10-08 11:52:33.451150384,Retail,Supplier coordination,10,38.1,0.72,813.85,53.32,0,1,7,3,Completed
2025-10-08 14:47:20.146715572,Retail,Delivery,4,54.7,1.71,308.56,106.91,0,2,3,1,Completed
2025-10-08 17:42:06.842280760,Restaurant,Appointment,6,17.6,0.47,375.06,25.42,0,1,5,4,Completed
2025-10-08 20:36:53.537845948,Restaurant,Payment,12,12.9,2.07,489.6,88.74,0,0,9,1,Completed
2025-10-08 23:31:40.233411136,Restaurant,Supplier coordination,12,44.7,2.18,1061.52,134.98,0,4,7,4,Completed
2025-10-09 02:26:26.928976328,Logistics,Appointment,7,27.9,4.38,595.77,231.07,1,1,5,2,Delayed
2025-10-09 05:21:13.624541516,Service Business,Complaint handling,4,37.4,1.91,288.78,141.26,0,0,2,0,Completed
2025-10-09 08:16:00.320106704,Service Business,Stock handling,5,25.5,0.54,494.09,82.99,0,0,5,0,Completed
2025-10-09 11:10:47.015671892,Clinic,Supplier coordination,8,41.3,1.06,650.29,68.69,0,1,5,3,Completed
2025-10-09 14:05:33.711237080,Restaurant,Complaint handling,5,43.1,0.7,438.01,90.85,1,3,2,3,Delayed
2025-10-09 17:00:20.406802268,Logistics,Appointment,11,16.0,2.2,856.84,148.5,0,0,9,1,Completed
2025-10-09 19:55:07.102367456,Logistics,Customer enquiry,12,14.8,2.73,517.05,245.2,0,1,9,0,Completed
2025-10-09 22:49:53.797932644,Service Business,Booking,9,9.8,0.46,960.57,40.03,0,1,7,3,Completed
2025-10-10 01:44:40.493497832,Restaurant,Customer enquiry,10,21.4,1.02,863.4,80.04,0,2,4,2,Completed
2025-10-10 04:39:27.189063020,Clinic,Stock handling,5,29.2,7.53,244.08,400.22,0,0,5,0,Completed
2025-10-10 07:34:13.884628212,Restaurant,Supplier coordination,8,41.9,1.0,544.31,43.15,0,1,3,1,Completed
2025-10-10 10:29:00.580193400,Retail,Supplier coordination,4,41.1,1.56,362.49,108.8,0,0,3,0,Completed
2025-10-10 13:23:47.275758588,Restaurant,Stock handling,4,26.1,1.53,444.99,62.58,0,1,1,1,Completed
2025-10-10 16:18:33.971323776,Retail,Complaint handling,10,41.8,1.3,843.21,139.97,0,1,9,4,Completed
2025-10-10 19:13:20.666888964,Retail,Booking,7,12.2,1.95,659.68,126.11,0,0,5,1,Completed
2025-10-10 22:08:07.362454152,Clinic,Appointment,7,20.2,1.93,799.8,119.95,0,0,4,1,Completed
2025-10-11 01:02:54.058019340,Service Business,Payment,8,29.4,1.68,905.68,82.6,0,3,5,1,Completed
2025-10-11 03:57:40.753584528,Restaurant,Customer enquiry,7,25.4,3.43,586.62,236.68,0,2,4,3,Completed
2025-10-11 06:52:27.449149716,Retail,Customer enquiry,3,15.0,3.68,277.49,169.16,0,0,2,1,Completed
2025-10-11 09:47:14.144714904,Restaurant,Delivery,7,36.7,2.46,395.28,124.72,0,1,6,3,Completed
2025-10-11 12:42:00.840280096,Service Business,Booking,8,11.0,1.51,614.93,82.7,0,0,6,0,Completed
2025-10-11 15:36:47.535845284,Service Business,Payment,11,12.2,1.13,956.36,80.99,0,0,7,4,Completed
2025-10-11 18:31:34.231410472,Logistics,Customer enquiry,9,16.1,1.4,618.97,98.36,1,0,7,1,Delayed
2025-10-11 21:26:20.926975660,Service Business,Payment,9,15.1,2.18,439.31,94.7,0,0,6,0,Completed
2025-10-12 00:21:07.622540848,Clinic,Appointment,7,26.9,1.37,539.91,87.58,0,1,5,1,Completed
2025-10-12 03:15:54.318106036,Retail,Supplier coordination,3,37.8,3.63,117.29,138.84,1,0,2,0,Delayed
2025-10-12 06:10:41.013671224,Logistics,Payment,3,12.5,0.67,333.67,56.79,0,0,3,0,Completed
2025-10-12 09:05:27.709236412,Clinic,Customer enquiry,5,26.4,1.91,383.69,134.48,0,0,5,1,Completed
2025-10-12 12:00:14.404801600,Restaurant,Complaint handling,5,44.1,0.65,506.86,36.43,0,2,3,1,Completed
2025-10-12 14:55:01.100366788,Retail,Booking,5,21.0,0.74,293.26,52.01,0,0,1,2,Completed
2025-10-12 17:49:47.795931980,Service Business,Stock handling,5,29.2,1.23,334.66,122.69,0,0,4,1,Completed
2025-10-12 20:44:34.491497168,Retail,Order processing,5,30.2,0.85,454.64,110.26,0,1,5,0,Completed
2025-10-12 23:39:21.187062356,Restaurant,Follow-up,7,24.0,2.57,775.91,167.84,0,1,5,0,Completed
2025-10-13 02:34:07.882627544,Logistics,Follow-up,5,28.7,0.19,410.45,104.62,1,2,3,1,Delayed
2025-10-13 05:28:54.578192732,Logistics,Order processing,4,20.8,1.02,239.24,101.12,0,0,1,2,Completed
2025-10-13 08:23:41.273757920,Logistics,Payment,6,10.4,0.81,583.34,72.13,0,0,5,1,Completed
2025-10-13 11:18:27.969323108,Service Business,Booking,4,13.5,0.78,217.74,71.83,0,0,2,0,Completed
2025-10-13 14:13:14.664888296,Clinic,Payment,7,33.3,2.43,746.5,100.95,0,1,3,1,Completed
2025-10-13 17:08:01.360453484,Clinic,Stock handling,6,21.0,2.37,608.15,93.48,0,0,4,0,Completed
2025-10-13 20:02:48.056018672,Retail,Booking,13,11.0,2.8,797.15,150.38,0,0,10,3,Completed
2025-10-13 22:57:34.751583864,Service Business,Order processing,4,21.8,3.11,301.03,191.03,0,0,3,2,Completed
2025-10-14 01:52:21.447149052,Logistics,Payment,6,30.9,1.73,400.55,89.25,0,0,3,0,Completed
2025-10-14 04:47:08.142714240,Logistics,Delivery,4,34.8,0.51,345.46,41.99,0,1,3,0,Completed
2025-10-14 07:41:54.838279428,Restaurant,Customer enquiry,9,13.0,0.99,794.94,117.78,0,0,5,0,Completed
2025-10-14 10:36:41.533844616,Restaurant,Complaint handling,7,34.9,1.4,281.9,122.99,0,1,6,3,Completed
2025-10-14 13:31:28.229409804,Logistics,Supplier coordination,8,36.1,1.3,715.28,142.08,1,2,5,4,Delayed
2025-10-14 16:26:14.924974992,Logistics,Complaint handling,8,30.5,2.45,606.76,154.89,0,0,2,1,Completed
2025-10-14 19:21:01.620540180,Service Business,Stock handling,9,26.8,1.39,460.74,56.64,0,0,5,4,Completed
2025-10-14 22:15:48.316105368,Clinic,Payment,6,16.7,0.27,548.51,19.17,0,0,4,0,Completed
2025-10-15 01:10:35.011670556,Restaurant,Appointment,11,20.6,2.32,1241.37,139.03,0,1,8,2,Completed
2025-10-15 04:05:21.707235748,Clinic,Booking,10,11.3,0.49,804.28,76.61,0,0,5,5,Completed
2025-10-15 07:00:08.402800936,Service Business,Payment,6,18.2,0.91,652.45,127.93,0,0,4,2,Completed
2025-10-15 09:54:55.098366124,Logistics,Booking,2,12.7,0.99,192.12,54.0,0,0,1,0,Completed
2025-10-15 12:49:41.793931312,Clinic,Supplier coordination,12,38.1,1.4,1155.74,77.42,0,2,6,1,Completed
2025-10-15 15:44:28.489496500,Logistics,Delivery,4,40.9,1.19,352.92,97.74,0,2,3,2,Completed
2025-10-15 18:39:15.185061688,Logistics,Complaint handling,7,35.7,1.18,511.94,109.87,0,2,4,2,Completed
2025-10-15 21:34:01.880626876,Retail,Customer enquiry,8,26.3,1.79,493.41,89.9,0,2,5,1,Completed
2025-10-16 00:28:48.576192064,Clinic,Supplier coordination,10,39.4,3.83,1456.52,245.53,0,2,7,3,Completed
2025-10-16 03:23:35.271757252,Clinic,Supplier coordination,8,41.5,0.39,654.39,68.91,0,1,7,2,Completed
2025-10-16 06:18:21.967322440,Logistics,Complaint handling,5,49.1,0.32,406.93,51.35,0,2,5,2,Completed
2025-10-16 09:13:08.662887632,Service Business,Supplier coordination,8,42.3,3.74,815.2,129.85,0,1,4,2,Completed
2025-10-16 12:07:55.358452820,Retail,Appointment,7,19.3,2.76,254.39,188.57,0,1,4,1,Completed
2025-10-16 15:02:42.054018008,Logistics,Appointment,5,21.6,2.26,453.33,124.31,0,0,4,1,Completed
2025-10-16 17:57:28.749583196,Restaurant,Follow-up,6,29.1,0.64,645.91,63.5,0,1,4,2,Completed
2025-10-16 20:52:15.445148384,Restaurant,Follow-up,6,26.6,1.3,642.52,54.56,0,0,5,0,Completed
2025-10-16 23:47:02.140713572,Retail,Appointment,4,22.6,1.99,362.44,112.18,0,0,2,1,Completed
2025-10-17 02:41:48.836278760,Service Business,Order processing,8,18.9,1.18,446.92,65.68,0,1,5,1,Completed
2025-10-17 05:36:35.531843948,Logistics,Delivery,6,45.1,0.19,586.65,19.52,0,1,3,1,Completed
2025-10-17 08:31:22.227409136,Clinic,Booking,5,11.2,0.62,267.81,20.99,0,0,3,0,Completed
2025-10-17 11:26:08.922974324,Retail,Delivery,7,39.5,0.62,778.11,46.77,0,3,6,3,Completed
2025-10-17 14:20:55.618539516,Service Business,Stock handling,4,23.9,1.0,380.76,49.17,0,0,2,0,Completed
2025-10-17 17:15:42.314104704,Clinic,Supplier coordination,8,47.2,1.06,557.39,63.84,0,3,7,2,Completed
2025-10-17 20:10:29.009669892,Restaurant,Customer enquiry,13,14.6,1.37,1322.72,76.84,0,1,7,2,Completed
2025-10-17 23:05:15.705235080,Restaurant,Supplier coordination,6,56.2,2.04,447.63,96.55,1,3,1,2,Delayed
2025-10-18 02:00:02.400800268,Clinic,Delivery,3,36.6,0.62,240.59,90.08,1,1,2,2,Delayed
2025-10-18 04:54:49.096365456,Retail,Appointment,10,17.1,1.35,938.69,100.87,0,1,8,2,Completed
2025-10-18 07:49:35.791930644,Restaurant,Complaint handling,3,31.3,1.33,230.55,99.94,0,0,3,1,Completed
2025-10-18 10:44:22.487495832,Logistics,Stock handling,7,27.2,2.96,511.96,165.96,0,2,6,2,Completed
2025-10-18 13:39:09.183061020,Clinic,Appointment,4,18.9,0.84,256.98,84.11,0,0,3,1,Completed
2025-10-18 16:33:55.878626208,Clinic,Delivery,9,43.5,0.92,888.99,85.48,0,1,4,4,Completed
2025-10-18 19:28:42.574191396,Restaurant,Complaint handling,5,32.1,0.79,394.77,53.87,0,3,2,3,Completed
2025-10-18 22:23:29.269756588,Retail,Customer enquiry,6,24.7,1.62,606.59,108.76,0,0,4,1,Completed
2025-10-19 01:18:15.965321776,Logistics,Delivery,10,33.4,1.27,654.07,101.29,0,1,8,2,Completed
2025-10-19 04:13:02.660886964,Retail,Booking,8,24.2,2.6,452.58,125.35,0,0,3,0,Completed
2025-10-19 07:07:49.356452152,Service Business,Payment,4,10.6,0.97,408.93,120.29,0,0,2,1,Completed
2025-10-19 10:02:36.052017340,Service Business,Complaint handling,7,43.6,1.81,380.9,115.06,0,1,5,2,Completed
2025-10-19 12:57:22.747582528,Restaurant,Delivery,8,37.8,1.91,526.79,149.42,0,1,4,3,Completed
2025-10-19 15:52:09.443147716,Restaurant,Appointment,9,55.8,0.93,818.85,105.84,0,3,5,3,Completed
2025-10-19 18:46:56.138712904,Restaurant,Booking,10,12.3,0.88,1177.03,63.25,0,0,7,1,Completed
2025-10-19 21:41:42.834278092,Service Business,Order processing,7,23.8,1.04,602.7,84.61,0,1,2,1,Completed
2025-10-20 00:36:29.529843280,Retail,Complaint handling,4,46.6,0.73,218.89,45.09,0,0,2,2,Completed
2025-10-20 03:31:16.225408472,Retail,Booking,5,24.0,2.64,290.44,143.35,0,0,4,1,Completed
2025-10-20 06:26:02.920973660,Restaurant,Appointment,4,25.9,1.2,311.74,75.91,0,0,4,1,Completed
2025-10-20 09:20:49.616538848,Logistics,Delivery,7,36.0,2.0,644.79,108.55,0,2,6,1,Completed
2025-10-20 12:15:36.312104036,Retail,Supplier coordination,11,42.4,1.59,629.05,92.87,0,3,7,2,Completed
2025-10-20 15:10:23.007669224,Service Business,Customer enquiry,7,16.0,0.17,408.2,17.09,0,0,5,0,Completed
2025-10-20 18:05:09.703234412,Clinic,Supplier coordination,4,35.8,2.23,306.77,113.15,0,0,3,0,Completed
2025-10-20 20:59:56.398799600,Clinic,Payment,11,12.4,0.5,1029.78,31.41,0,0,10,0,Completed
2025-10-20 23:54:43.094364788,Clinic,Booking,9,16.8,1.49,446.47,68.6,0,0,8,0,Completed
2025-10-21 02:49:29.789929976,Logistics,Payment,4,12.4,3.34,103.97,102.92,0,0,2,0,Completed
2025-10-21 05:44:16.485495164,Restaurant,Customer enquiry,8,17.6,2.15,607.19,84.14,0,0,5,0,Completed
2025-10-21 08:39:03.181060356,Service Business,Booking,7,18.0,3.15,964.86,173.74,1,0,5,1,Delayed
2025-10-21 11:33:49.876625544,Logistics,Follow-up,6,34.6,3.12,406.83,120.27,0,2,4,5,Completed
2025-10-21 14:28:36.572190732,Service Business,Appointment,9,19.7,1.83,935.59,89.68,0,0,5,1,Completed
2025-10-21 17:23:23.267755920,Service Business,Booking,9,12.3,1.27,499.4,70.88,0,0,7,3,Completed
2025-10-21 20:18:09.963321108,Restaurant,Appointment,8,31.7,0.88,645.71,98.54,0,3,5,2,Completed
2025-10-21 23:12:56.658886296,Clinic,Supplier coordination,7,41.6,2.84,714.23,140.86,1,4,4,4,Delayed
2025-10-22 02:07:43.354451484,Restaurant,Stock handling,6,24.6,2.62,450.69,130.13,0,0,4,1,Completed
2025-10-22 05:02:30.050016672,Logistics,Complaint handling,9,40.6,0.7,465.3,37.8,0,2,7,4,Completed
2025-10-22 07:57:16.745581860,Logistics,Stock handling,13,32.1,0.72,1031.6,62.33,0,1,12,2,Completed
2025-10-22 10:52:03.441147048,Logistics,Delivery,6,51.6,1.31,576.26,119.9,0,2,6,2,Completed
2025-10-22 13:46:50.136712240,Restaurant,Complaint handling,9,30.3,0.04,1092.91,33.61,0,0,5,4,Completed
2025-10-22 16:41:36.832277428,Service Business,Complaint handling,6,32.2,0.44,291.77,134.38,1,1,4,1,Delayed
2025-10-22 19:36:23.527842616,Service Business,Order processing,7,25.1,2.26,599.31,161.77,0,1,7,1,Completed
2025-10-22 22:31:10.223407804,Retail,Complaint handling,6,38.3,0.32,356.34,59.75,1,1,5,3,Delayed
2025-10-23 01:25:56.918972992,Logistics,Customer enquiry,7,19.1,1.99,571.0,115.88,0,0,4,1,Completed
2025-10-23 04:20:43.614538180,Service Business,Stock handling,6,28.0,1.16,354.71,138.21,0,0,5,0,Completed
2025-10-23 07:15:30.310103368,Retail,Supplier coordination,4,36.8,0.7,253.15,42.93,0,0,0,2,Completed
2025-10-23 10:10:17.005668556,Service Business,Appointment,10,24.9,2.34,1136.46,148.71,0,2,7,1,Completed
2025-10-23 13:05:03.701233744,Logistics,Delivery,12,57.0,3.91,953.51,231.68,0,7,4,3,Completed
2025-10-23 15:59:50.396798932,Clinic,Complaint handling,4,31.4,0.87,198.48,69.92,0,1,3,1,Completed
2025-10-23 18:54:37.092364124,Logistics,Delivery,3,42.7,3.28,222.97,250.36,0,1,1,0,Completed
2025-10-23 21:49:23.787929312,Restaurant,Supplier coordination,6,45.6,1.78,555.13,86.81,0,2,3,3,Completed
2025-10-24 00:44:10.483494500,Service Business,Delivery,7,41.4,1.63,578.6,96.27,0,2,3,1,Completed
2025-10-24 03:38:57.179059688,Service Business,Supplier coordination,4,50.4,3.74,353.06,228.49,1,0,3,3,Delayed
2025-10-24 06:33:43.874624876,Restaurant,Complaint handling,8,40.1,5.61,959.51,302.55,0,1,5,3,Completed
2025-10-24 09:28:30.570190064,Restaurant,Supplier coordination,9,43.2,0.78,894.73,42.49,0,1,9,3,Completed
2025-10-24 12:23:17.265755252,Clinic,Complaint handling,8,33.3,2.03,869.91,191.54,0,0,5,3,Completed
2025-10-24 15:18:03.961320440,Service Business,Order processing,14,20.8,1.84,1211.33,101.09,0,1,10,6,Completed
2025-10-24 18:12:50.656885628,Service Business,Order processing,7,22.7,1.09,680.92,93.93,0,1,6,1,Completed
2025-10-24 21:07:37.352450816,Clinic,Supplier coordination,4,45.0,1.26,251.35,72.99,0,0,0,1,Completed
2025-10-25 00:02:24.048016008,Retail,Order processing,8,25.4,5.14,755.27,277.55,0,0,5,1,Completed
2025-10-25 02:57:10.743581196,Clinic,Appointment,11,16.4,0.98,1235.65,72.26,0,0,6,2,Completed
2025-10-25 05:51:57.439146384,Logistics,Appointment,6,26.2,0.59,497.01,93.76,0,1,6,1,Completed
2025-10-25 08:46:44.134711572,Service Business,Order processing,8,20.7,2.69,550.52,181.53,0,1,6,1,Completed
2025-10-25 11:41:30.830276760,Restaurant,Order processing,8,20.9,0.75,858.95,51.1,0,1,4,2,Completed
2025-10-25 14:36:17.525841948,Logistics,Follow-up,6,27.3,3.84,363.65,198.83,0,1,4,1,Completed
2025-10-25 17:31:04.221407136,Service Business,Follow-up,7,24.2,2.74,898.82,108.12,0,0,6,0,Completed
2025-10-25 20:25:50.916972324,Clinic,Complaint handling,4,34.7,0.3,341.5,120.37,1,1,3,2,Delayed
2025-10-25 23:20:37.612537512,Logistics,Supplier coordination,6,40.0,3.28,257.19,228.08,0,1,4,2,Completed
2025-10-26 02:15:24.308102700,Service Business,Payment,4,13.2,5.53,351.68,281.2,0,0,1,0,Completed
2025-10-26 05:10:11.003667892,Retail,Payment,8,10.9,1.38,872.74,117.47,0,0,6,0,Completed
2025-10-26 08:04:57.699233080,Retail,Order processing,10,20.6,0.27,1027.68,43.21,0,0,4,1,Completed
2025-10-26 10:59:44.394798268,Restaurant,Delivery,8,42.6,2.06,630.51,122.91,0,1,3,1,Completed
2025-10-26 13:54:31.090363456,Service Business,Order processing,14,24.6,3.11,1138.63,140.98,0,0,9,5,Completed
2025-10-26 16:49:17.785928644,Retail,Follow-up,7,22.7,1.39,718.98,52.31,0,0,3,1,Completed
2025-10-26 19:44:04.481493832,Clinic,Complaint handling,12,31.2,4.21,421.99,131.5,0,2,6,4,Completed
2025-10-26 22:38:51.177059020,Service Business,Order processing,6,30.0,0.71,394.89,53.99,0,2,2,2,Completed
2025-10-27 01:33:37.872624208,Clinic,Stock handling,8,23.1,2.61,499.96,156.81,0,1,3,2,Completed
2025-10-27 04:28:24.568189396,Clinic,Delivery,6,39.9,0.43,579.58,58.89,0,0,6,2,Completed
2025-10-27 07:23:11.263754584,Retail,Stock handling,6,22.3,3.28,352.37,189.44,0,1,2,2,Completed
2025-10-27 10:17:57.959319776,Service Business,Complaint handling,8,35.2,0.72,499.99,52.82,1,1,5,3,Delayed
2025-10-27 13:12:44.654884964,Logistics,Complaint handling,4,46.6,1.09,272.45,64.22,1,1,2,1,Delayed
2025-10-27 16:07:31.350450152,Retail,Appointment,7,26.3,0.6,419.03,42.62,0,1,5,3,Completed
2025-10-27 19:02:18.046015340,Retail,Booking,3,14.5,1.83,304.58,96.52,0,0,2,0,Completed
2025-10-27 21:57:04.741580528,Service Business,Stock handling,6,39.3,0.96,406.48,53.42,1,1,6,2,Delayed
2025-10-28 00:51:51.437145716,Service Business,Appointment,7,18.6,2.16,630.41,220.79,0,1,5,1,Completed
2025-10-28 03:46:38.132710904,Clinic,Follow-up,10,28.9,1.01,665.26,91.92,0,2,5,3,Completed
2025-10-28 06:41:24.828276092,Service Business,Customer enquiry,6,20.4,1.59,466.85,132.57,0,0,5,1,Completed
2025-10-28 09:36:11.523841280,Clinic,Delivery,6,44.1,0.56,443.56,114.27,0,0,4,2,Completed
2025-10-28 12:30:58.219406468,Retail,Customer enquiry,9,16.6,1.45,331.21,105.66,0,0,5,1,Completed
2025-10-28 15:25:44.914971660,Restaurant,Supplier coordination,5,44.1,2.06,260.47,133.72,0,1,5,3,Completed
2025-10-28 18:20:31.610536848,Logistics,Follow-up,11,24.1,0.44,557.72,53.25,0,1,6,4,Completed
2025-10-28 21:15:18.306102036,Retail,Follow-up,8,24.3,1.98,816.22,138.57,0,1,5,1,Completed
2025-10-29 00:10:05.001667224,Service Business,Customer enquiry,5,19.8,4.72,531.69,266.25,0,0,3,1,Completed
2025-10-29 03:04:51.697232412,Logistics,Stock handling,3,27.7,4.33,201.49,255.37,0,0,2,1,Completed
2025-10-29 05:59:38.392797600,Restaurant,Booking,3,23.3,0.44,263.56,79.76,0,0,2,0,Completed
2025-10-29 08:54:25.088362788,Restaurant,Stock handling,9,27.9,2.95,563.99,106.37,0,2,6,1,Completed
2025-10-29 11:49:11.783927976,Clinic,Customer enquiry,11,16.0,0.17,927.0,17.86,0,0,4,3,Completed
2025-10-29 14:43:58.479493164,Logistics,Supplier coordination,11,49.1,1.86,772.23,139.08,0,3,6,5,Completed
2025-10-29 17:38:45.175058352,Clinic,Stock handling,3,35.2,1.46,200.04,66.03,1,2,2,0,Delayed
2025-10-29 20:33:31.870623544,Retail,Payment,7,15.7,1.96,638.64,103.47,0,0,2,0,Completed
2025-10-29 23:28:18.566188732,Logistics,Stock handling,6,24.3,2.28,510.44,88.44,0,2,5,2,Completed
2025-10-30 02:23:05.261753920,Retail,Complaint handling,10,31.0,2.0,615.08,122.43,0,2,7,4,Completed
2025-10-30 05:17:51.957319108,Clinic,Appointment,6,21.1,0.83,694.42,61.8,0,0,2,0,Completed
2025-10-30 08:12:38.652884296,Logistics,Delivery,9,59.8,0.28,1067.29,34.47,0,2,5,3,Completed
2025-10-30 11:07:25.348449484,Clinic,Stock handling,4,21.1,1.93,322.45,95.53,0,0,3,0,Completed
2025-10-30 14:02:12.044014672,Logistics,Booking,10,37.4,2.5,913.48,159.18,0,4,8,1,Completed
2025-10-30 16:56:58.739579860,Clinic,Booking,4,14.7,0.92,517.25,56.91,0,0,3,1,Completed
2025-10-30 19:51:45.435145048,Restaurant,Stock handling,9,23.8,1.47,821.43,130.96,0,0,7,1,Completed
2025-10-30 22:46:32.130710236,Clinic,Order processing,9,18.9,2.24,433.24,146.1,0,0,6,3,Completed
2025-10-31 01:41:18.826275428,Restaurant,Follow-up,4,33.6,0.13,315.79,16.94,1,2,3,2,Delayed
2025-10-31 04:36:05.521840616,Clinic,Stock handling,4,26.8,1.01,281.59,74.3,0,1,3,2,Completed
2025-10-31 07:30:52.217405804,Logistics,Follow-up,9,33.0,4.66,614.34,236.21,0,1,2,3,Completed
2025-10-31 10:25:38.912970992,Logistics,Payment,13,7.5,1.51,1140.82,118.83,0,0,5,2,Completed
2025-10-31 13:20:25.608536180,Logistics,Customer enquiry,8,24.5,1.27,539.31,71.92,0,1,7,1,Completed
2025-10-31 16:15:12.304101368,Service Business,Payment,8,11.3,2.43,770.91,135.04,0,1,7,0,Completed
2025-10-31 19:09:58.999666556,Retail,Stock handling,5,20.7,1.57,321.2,61.1,0,0,2,0,Completed
2025-10-31 22:04:45.695231744,Logistics,Booking,9,13.9,2.82,484.53,172.8,0,0,7,1,Completed
2025-11-01 00:59:32.390796932,Restaurant,Order processing,11,19.2,0.44,1164.89,55.61,0,0,7,1,Completed
2025-11-01 03:54:19.086362120,Logistics,Supplier coordination,6,38.1,0.75,432.15,55.5,1,0,3,3,Delayed
2025-11-01 06:49:05.781927308,Service Business,Follow-up,7,26.1,3.73,668.79,171.44,0,1,5,2,Completed
2025-11-01 09:43:52.477492500,Restaurant,Appointment,8,17.1,1.18,458.29,67.2,0,0,8,0,Completed
2025-11-01 12:38:39.173057688,Service Business,Follow-up,11,28.2,0.89,813.73,88.0,0,1,6,2,Completed
2025-11-01 15:33:25.868622876,Restaurant,Complaint handling,6,34.4,1.18,554.03,77.7,0,2,3,2,Completed
2025-11-01 18:28:12.564188064,Clinic,Delivery,6,45.7,1.11,365.74,139.12,0,2,6,3,Completed
2025-11-01 21:22:59.259753252,Retail,Stock handling,8,26.3,3.21,704.98,173.02,0,1,4,1,Completed
2025-11-02 00:17:45.955318440,Retail,Payment,12,33.4,0.77,1251.45,58.01,0,0,7,1,Completed
2025-11-02 03:12:32.650883628,Service Business,Appointment,8,25.0,1.51,686.74,85.43,0,1,6,1,Completed
2025-11-02 06:07:19.346448816,Retail,Booking,4,11.8,3.44,264.64,213.58,0,0,4,0,Completed
2025-11-02 09:02:06.042014004,Service Business,Booking,5,11.1,1.19,321.85,72.09,0,0,4,1,Completed
2025-11-02 11:56:52.737579192,Service Business,Booking,7,11.3,3.22,429.33,194.72,0,0,3,1,Completed
2025-11-02 14:51:39.433144384,Service Business,Supplier coordination,10,48.8,1.04,586.58,49.76,0,3,6,2,Completed
2025-11-02 17:46:26.128709572,Retail,Complaint handling,4,30.1,3.47,384.94,127.68,0,3,3,0,Completed
2025-11-02 20:41:12.824274760,Service Business,Booking,10,16.5,1.58,574.98,87.79,0,0,8,3,Completed
2025-11-02 23:35:59.519839948,Retail,Booking,4,19.9,1.02,286.16,81.6,0,0,3,0,Completed
2025-11-03 02:30:46.215405136,Service Business,Stock handling,4,26.6,2.08,327.57,134.29,0,0,0,0,Completed
2025-11-03 05:25:32.910970324,Logistics,Complaint handling,3,39.4,0.24,209.43,17.49,0,0,1,0,Completed
2025-11-03 08:20:19.606535512,Service Business,Order processing,9,22.9,6.83,566.25,229.37,0,0,6,0,Completed
2025-11-03 11:15:06.302100700,Restaurant,Order processing,5,25.0,1.79,521.44,89.58,0,0,3,1,Completed
2025-11-03 14:09:52.997665888,Service Business,Complaint handling,6,33.7,2.52,387.15,148.19,0,0,5,1,Completed
2025-11-03 17:04:39.693231076,Clinic,Delivery,8,39.2,0.41,655.25,55.15,0,2,5,2,Completed
2025-11-03 19:59:26.388796268,Service Business,Supplier coordination,8,36.8,4.24,532.73,150.72,0,1,3,3,Completed
2025-11-03 22:54:13.084361456,Restaurant,Appointment,5,34.9,1.19,326.67,135.67,0,0,4,2,Completed
2025-11-04 01:48:59.779926644,Restaurant,Follow-up,9,31.4,0.63,438.72,72.3,1,4,4,1,Delayed
2025-11-04 04:43:46.475491832,Retail,Stock handling,7,32.0,3.32,548.41,197.05,0,0,5,0,Completed
2025-11-04 07:38:33.171057020,Logistics,Customer enquiry,3,15.9,0.61,148.51,72.83,0,0,2,1,Completed
2025-11-04 10:33:19.866622208,Service Business,Order processing,10,27.6,1.54,843.61,85.22,0,1,9,1,Completed
2025-11-04 13:28:06.562187396,Retail,Complaint handling,7,35.7,1.56,500.68,79.31,0,0,3,3,Completed
2025-11-04 16:22:53.257752584,Logistics,Appointment,5,16.2,3.63,284.7,212.07,0,0,3,0,Completed
2025-11-04 19:17:39.953317772,Service Business,Complaint handling,8,29.1,3.45,424.04,132.47,0,0,8,1,Completed
2025-11-04 22:12:26.648882960,Clinic,Follow-up,12,23.7,1.76,328.49,82.01,0,3,6,5,Completed
2025-11-05 01:07:13.344448152,Service Business,Appointment,2,17.5,1.61,184.74,55.89,0,0,1,0,Completed
2025-11-05 04:02:00.040013340,Restaurant,Order processing,7,20.2,0.65,537.72,33.16,0,1,4,0,Completed
2025-11-05 06:56:46.735578528,Restaurant,Booking,6,17.8,1.81,488.77,108.02,0,0,6,2,Completed
2025-11-05 09:51:33.431143716,Clinic,Complaint handling,5,39.4,5.89,444.6,330.44,0,0,3,1,Completed
2025-11-05 12:46:20.126708904,Retail,Customer enquiry,7,21.8,1.3,789.51,88.77,0,0,6,3,Completed
2025-11-05 15:41:06.822274092,Logistics,Order processing,9,39.5,0.55,512.35,102.56,0,1,6,1,Completed
2025-11-05 18:35:53.517839280,Service Business,Payment,15,14.2,0.4,965.12,68.29,0,0,10,1,Completed
2025-11-05 21:30:40.213404468,Restaurant,Customer enquiry,3,17.7,0.71,268.81,31.85,0,0,3,0,Completed
2025-11-06 00:25:26.908969656,Retail,Delivery,10,38.1,0.16,941.78,54.64,0,2,7,2,Completed
2025-11-06 03:20:13.604534844,Clinic,Supplier coordination,4,47.2,4.25,317.38,192.39,1,1,2,2,Delayed
2025-11-06 06:15:00.300100036,Restaurant,Order processing,5,20.9,6.28,166.73,318.6,0,1,2,1,Completed
2025-11-06 09:09:46.995665224,Clinic,Booking,4,13.8,1.57,116.07,83.14,0,0,3,0,Completed
2025-11-06 12:04:33.691230412,Service Business,Order processing,4,36.7,2.37,305.11,119.82,1,0,3,1,Delayed
2025-11-06 14:59:20.386795600,Logistics,Follow-up,12,29.3,2.3,1222.42,196.57,0,1,6,3,Completed
2025-11-06 17:54:07.082360788,Restaurant,Appointment,7,25.0,1.82,767.19,96.43,0,1,6,0,Completed
2025-11-06 20:48:53.777925976,Restaurant,Complaint handling,3,33.5,0.68,121.28,43.56,0,1,2,1,Completed
2025-11-06 23:43:40.473491164,Service Business,Appointment,7,18.2,1.82,617.68,81.95,0,0,5,2,Completed
2025-11-07 02:38:27.169056352,Retail,Appointment,7,25.6,1.81,614.32,93.3,0,0,2,1,Completed
2025-11-07 05:33:13.864621540,Logistics,Order processing,18,22.1,1.02,1193.64,67.7,0,1,11,2,Completed
2025-11-07 08:28:00.560186728,Restaurant,Follow-up,7,27.8,2.25,567.68,138.86,0,0,6,2,Completed
2025-11-07 11:22:47.255751920,Logistics,Complaint handling,9,34.2,1.04,653.89,46.04,0,1,7,4,Completed
2025-11-07 14:17:33.951317108,Restaurant,Complaint handling,3,42.9,2.83,158.37,84.78,0,1,3,1,Completed
2025-11-07 17:12:20.646882296,Logistics,Appointment,8,18.0,1.85,514.27,92.72,0,1,5,1,Completed
2025-11-07 20:07:07.342447484,Clinic,Delivery,6,46.2,2.26,734.3,82.93,0,1,4,4,Completed
2025-11-07 23:01:54.038012672,Restaurant,Supplier coordination,7,38.3,1.08,590.55,78.27,0,1,7,2,Completed
2025-11-08 01:56:40.733577860,Logistics,Follow-up,1,25.6,3.08,51.34,152.42,0,0,1,0,Completed
2025-11-08 04:51:27.429143048,Retail,Delivery,4,34.1,1.02,213.02,109.25,0,0,3,1,Completed
2025-11-08 07:46:14.124708236,Clinic,Stock handling,5,29.5,2.15,561.3,129.45,0,1,4,1,Completed
2025-11-08 10:41:00.820273424,Clinic,Stock handling,4,25.9,0.74,268.94,69.44,0,2,1,0,Completed
2025-11-08 13:35:47.515838612,Retail,Customer enquiry,5,17.5,2.58,348.89,105.16,0,0,4,0,Completed
2025-11-08 16:30:34.211403804,Logistics,Appointment,7,23.1,0.72,668.05,59.77,0,1,3,3,Completed
2025-11-08 19:25:20.906968992,Service Business,Complaint handling,9,34.9,4.58,634.64,165.78,0,2,7,1,Completed
2025-11-08 22:20:07.602534180,Retail,Order processing,12,26.7,3.08,795.59,171.47,0,0,9,3,Completed
2025-11-09 01:14:54.298099368,Logistics,Complaint handling,6,36.7,1.11,497.31,137.04,0,2,2,3,Completed
2025-11-09 04:09:40.993664556,Retail,Complaint handling,9,32.7,1.49,561.78,74.89,0,1,6,1,Completed
2025-11-09 07:04:27.689229744,Retail,Booking,9,13.5,0.82,609.28,127.65,0,1,6,0,Completed
2025-11-09 09:59:14.384794932,Restaurant,Complaint handling,10,36.9,0.85,1130.58,62.59,0,3,5,2,Completed
2025-11-09 12:54:01.080360120,Logistics,Customer enquiry,11,16.4,1.55,658.79,120.56,0,0,7,1,Completed
2025-11-09 15:48:47.775925308,Service Business,Delivery,6,39.3,1.46,435.13,81.82,0,3,3,4,Completed
2025-11-09 18:43:34.471490496,Restaurant,Stock handling,8,24.9,2.7,1000.07,141.69,0,2,4,1,Completed
2025-11-09 21:38:21.167055688,Retail,Complaint handling,8,36.9,0.61,20.0,78.99,0,2,6,1,Completed
2025-11-10 00:33:07.862620876,Retail,Complaint handling,5,30.9,0.5,598.92,41.35,0,1,3,0,Completed
2025-11-10 03:27:54.558186064,Retail,Booking,5,23.7,1.28,447.93,79.65,1,0,5,1,Delayed
2025-11-10 06:22:41.253751252,Logistics,Follow-up,5,28.6,1.64,441.31,111.96,0,1,4,0,Completed
2025-11-10 09:17:27.949316440,Logistics,Order processing,10,19.0,0.18,879.22,49.47,0,0,6,0,Completed
2025-11-10 12:12:14.644881628,Restaurant,Follow-up,4,25.1,1.14,274.09,93.84,0,1,3,0,Completed
2025-11-10 15:07:01.340446816,Service Business,Order processing,10,30.1,2.01,558.93,112.75,0,1,4,1,Completed
2025-11-10 18:01:48.036012004,Restaurant,Supplier coordination,2,53.4,0.79,154.85,68.59,0,0,2,0,Completed
2025-11-10 20:56:34.731577192,Clinic,Complaint handling,12,34.5,0.46,906.22,50.02,0,1,4,7,Completed
2025-11-10 23:51:21.427142380,Retail,Booking,5,21.4,2.85,414.93,164.99,0,0,3,1,Completed
2025-11-11 02:46:08.122707572,Retail,Payment,7,9.2,0.67,499.23,67.14,0,0,5,1,Completed
2025-11-11 05:40:54.818272760,Retail,Appointment,3,20.2,1.74,289.49,196.76,0,0,2,0,Completed
2025-11-11 08:35:41.513837948,Restaurant,Stock handling,6,22.5,1.53,575.85,80.09,0,0,2,2,Completed
2025-11-11 11:30:28.209403136,Restaurant,Delivery,6,33.7,1.22,276.89,84.53,0,2,3,1,Completed
2025-11-11 14:25:14.904968324,Retail,Stock handling,13,28.6,1.84,529.21,101.87,0,1,12,6,Completed
2025-11-11 17:20:01.600533512,Restaurant,Delivery,14,37.5,2.49,852.34,112.05,0,1,12,5,Completed
2025-11-11 20:14:48.296098700,Logistics,Supplier coordination,10,35.8,3.06,486.94,158.4,0,0,8,5,Completed
2025-11-11 23:09:34.991663888,Logistics,Follow-up,7,24.5,2.63,710.03,156.68,0,0,3,2,Completed
2025-11-12 02:04:21.687229076,Restaurant,Customer enquiry,7,22.2,1.89,446.43,141.79,0,0,4,2,Completed
2025-11-12 04:59:08.382794264,Retail,Complaint handling,6,30.6,1.17,536.69,66.45,1,0,4,3,Delayed
2025-11-12 07:53:55.078359456,Restaurant,Payment,6,20.2,1.99,450.04,118.33,0,0,4,1,Completed
2025-11-12 10:48:41.773924644,Restaurant,Delivery,9,48.5,0.31,881.83,24.33,0,2,5,3,Completed
2025-11-12 13:43:28.469489832,Restaurant,Appointment,5,22.3,1.31,342.05,46.25,1,0,4,1,Delayed
2025-11-12 16:38:15.165055020,Clinic,Delivery,7,42.2,1.6,304.58,136.74,0,3,3,1,Completed
2025-11-12 19:33:01.860620208,Logistics,Customer enquiry,3,16.4,4.72,188.24,263.05,0,0,1,1,Completed
2025-11-12 22:27:48.556185396,Service Business,Stock handling,4,23.1,1.72,69.58,44.95,0,0,2,0,Completed
2025-11-13 01:22:35.251750584,Service Business,Booking,10,11.4,1.77,448.05,85.14,0,0,6,0,Completed
2025-11-13 04:17:21.947315772,Clinic,Stock handling,4,21.8,1.65,341.91,122.53,0,0,4,1,Completed
2025-11-13 07:12:08.642880960,Restaurant,Supplier coordination,9,42.5,1.97,740.44,98.62,0,2,6,3,Completed
2025-11-13 10:06:55.338446148,Clinic,Booking,6,18.5,0.51,392.62,41.0,0,0,4,0,Completed
2025-11-13 13:01:42.034011340,Clinic,Stock handling,10,32.6,1.56,742.3,107.9,0,0,7,3,Completed
2025-11-13 15:56:28.729576528,Retail,Appointment,8,30.2,0.68,343.59,60.03,0,1,5,1,Completed
2025-11-13 18:51:15.425141716,Logistics,Stock handling,10,27.2,1.07,928.67,68.21,0,1,6,1,Completed
2025-11-13 21:46:02.120706904,Service Business,Appointment,3,40.2,0.98,220.46,49.59,0,1,1,1,Completed
2025-11-14 00:40:48.816272092,Restaurant,Appointment,7,22.0,0.97,627.22,48.32,0,1,3,1,Completed
2025-11-14 03:35:35.511837280,Service Business,Booking,11,18.9,1.38,971.59,78.13,0,0,9,2,Completed
2025-11-14 06:30:22.207402468,Service Business,Follow-up,3,22.8,3.3,252.7,164.03,0,0,3,0,Completed
2025-11-14 09:25:08.902967656,Logistics,Order processing,11,33.9,1.99,628.66,105.92,0,2,7,5,Completed
2025-11-14 12:19:55.598532844,Service Business,Complaint handling,5,43.8,1.84,420.56,87.73,0,0,3,1,Completed
2025-11-14 15:14:42.294098032,Service Business,Delivery,3,36.7,1.89,262.88,97.92,0,1,1,1,Completed
2025-11-14 18:09:28.989663220,Clinic,Order processing,7,32.8,1.09,442.41,62.79,1,0,5,3,Delayed
2025-11-14 21:04:15.685228412,Logistics,Customer enquiry,5,26.9,1.71,425.0,116.77,1,2,4,1,Delayed
2025-11-14 23:59:02.380793600,Retail,Follow-up,6,36.6,0.17,276.42,84.7,0,2,5,0,Completed
2025-11-15 02:53:49.076358788,Restaurant,Order processing,10,24.6,1.14,900.78,61.9,0,4,7,0,Completed
2025-11-15 05:48:35.771923976,Service Business,Booking,9,13.1,1.15,762.8,55.61,0,0,8,0,Completed
2025-11-15 08:43:22.467489164,Restaurant,Customer enquiry,7,17.2,0.96,775.6,151.25,0,0,6,0,Completed
2025-11-15 11:38:09.163054352,Retail,Payment,7,7.6,3.7,842.16,191.99,0,0,5,0,Completed
2025-11-15 14:32:55.858619540,Restaurant,Follow-up,7,38.3,2.21,506.93,137.57,0,1,6,2,Completed
2025-11-15 17:27:42.554184728,Retail,Order processing,9,21.6,4.27,803.11,222.17,0,0,7,1,Completed
2025-11-15 20:22:29.249749916,Clinic,Customer enquiry,7,33.6,2.36,599.24,160.01,0,0,5,1,Completed
2025-11-15 23:17:15.945315104,Service Business,Payment,6,17.1,2.86,431.73,186.36,0,0,5,1,Completed
2025-11-16 02:12:02.640880296,Retail,Stock handling,12,22.3,2.78,467.28,104.57,0,0,8,4,Completed
2025-11-16 05:06:49.336445484,Restaurant,Customer enquiry,7,15.1,2.8,371.12,123.55,0,0,5,0,Completed
2025-11-16 08:01:36.032010672,Service Business,Booking,4,20.9,0.59,265.04,81.35,0,0,2,1,Completed
2025-11-16 10:56:22.727575860,Clinic,Stock handling,8,40.4,0.6,671.42,49.96,0,2,3,2,Completed
2025-11-16 13:51:09.423141048,Service Business,Booking,9,9.7,3.64,975.6,160.08,0,0,8,1,Completed
2025-11-16 16:45:56.118706236,Retail,Order processing,4,35.5,0.41,303.0,60.33,1,1,3,0,Delayed
2025-11-16 19:40:42.814271424,Clinic,Complaint handling,7,37.8,2.44,706.21,139.64,0,1,4,1,Completed
2025-11-16 22:35:29.509836612,Restaurant,Order processing,7,21.0,2.15,769.12,208.07,0,0,5,2,Completed
2025-11-17 01:30:16.205401800,Clinic,Stock handling,9,32.2,1.45,588.59,58.98,0,1,8,3,Completed
2025-11-17 04:25:02.900966988,Clinic,Appointment,11,21.3,3.85,518.36,230.0,0,2,7,2,Completed
2025-11-17 07:19:49.596532180,Logistics,Order processing,10,33.2,1.29,788.23,120.22,0,3,6,5,Completed
2025-11-17 10:14:36.292097368,Clinic,Stock handling,9,22.4,1.9,437.0,100.96,0,0,6,2,Completed
2025-11-17 13:09:22.987662556,Clinic,Customer enquiry,8,18.6,0.45,943.86,22.61,0,0,6,2,Completed
2025-11-17 16:04:09.683227744,Service Business,Supplier coordination,6,44.3,2.21,621.92,164.8,1,2,3,2,Delayed
2025-11-17 18:58:56.378792932,Restaurant,Order processing,9,41.4,2.13,980.99,116.7,0,0,7,1,Completed
2025-11-17 21:53:43.074358120,Service Business,Customer enquiry,13,15.2,0.36,519.25,31.52,0,0,10,2,Completed
2025-11-18 00:48:29.769923308,Service Business,Booking,11,13.4,3.48,770.03,73.39,0,0,7,3,Completed
2025-11-18 03:43:16.465488496,Retail,Follow-up,5,27.1,2.18,395.86,112.06,1,1,2,4,Delayed
2025-11-18 06:38:03.161053684,Service Business,Complaint handling,8,33.0,2.55,694.71,127.9,1,4,6,2,Delayed
2025-11-18 09:32:49.856618872,Logistics,Booking,15,11.7,1.42,1050.86,82.71,0,0,11,2,Completed
2025-11-18 12:27:36.552184064,Logistics,Booking,7,12.2,0.37,146.06,31.24,0,0,6,0,Completed
2025-11-18 15:22:23.247749252,Retail,Stock handling,5,24.3,1.11,440.87,84.24,0,0,4,1,Completed
2025-11-18 18:17:09.943314440,Restaurant,Appointment,3,40.1,1.12,350.61,132.85,0,0,1,1,Completed
2025-11-18 21:11:56.638879628,Restaurant,Delivery,7,38.6,1.91,855.53,165.56,0,0,6,0,Completed
2025-11-19 00:06:43.334444816,Service Business,Supplier coordination,3,40.3,0.33,216.47,29.65,0,1,1,2,Completed
2025-11-19 03:01:30.030010004,Service Business,Appointment,5,18.5,1.47,398.64,106.67,0,0,4,1,Completed
2025-11-19 05:56:16.725575192,Service Business,Stock handling,12,23.2,0.61,670.38,37.63,0,1,7,2,Completed
2025-11-19 08:51:03.421140380,Restaurant,Complaint handling,7,48.6,1.34,558.24,93.45,0,2,5,1,Completed
2025-11-19 11:45:50.116705568,Clinic,Supplier coordination,6,48.8,1.33,411.39,79.81,0,1,4,0,Completed
2025-11-19 14:40:36.812270756,Logistics,Supplier coordination,6,43.2,1.42,399.58,122.91,0,2,3,4,Completed
2025-11-19 17:35:23.507835948,Clinic,Stock handling,6,23.4,1.93,270.46,131.01,0,0,4,3,Completed
2025-11-19 20:30:10.203401136,Clinic,Payment,4,9.4,4.99,447.6,243.54,0,0,3,1,Completed
2025-11-19 23:24:56.898966324,Restaurant,Booking,4,20.1,0.87,290.58,48.2,0,0,1,1,Completed
2025-11-20 02:19:43.594531512,Clinic,Follow-up,13,27.4,5.2,877.18,257.72,0,1,6,2,Completed
2025-11-20 05:14:30.290096700,Retail,Payment,10,15.5,1.7,829.36,128.29,0,0,9,0,Completed
2025-11-20 08:09:16.985661888,Service Business,Stock handling,8,21.2,0.99,522.13,51.5,0,1,7,0,Completed
2025-11-20 11:04:03.681227076,Retail,Payment,4,12.2,2.08,127.45,91.92,0,0,3,0,Completed
2025-11-20 13:58:50.376792264,Logistics,Follow-up,3,24.3,0.45,320.16,50.29,0,0,0,1,Completed
2025-11-20 16:53:37.072357452,Service Business,Stock handling,10,37.4,0.39,787.58,49.3,1,4,6,4,Delayed
2025-11-20 19:48:23.767922640,Clinic,Stock handling,4,23.9,0.44,381.29,48.4,0,0,2,1,Completed
2025-11-20 22:43:10.463487832,Logistics,Supplier coordination,8,37.4,1.17,658.08,101.4,0,1,6,1,Completed
2025-11-21 01:37:57.159053020,Service Business,Payment,7,11.7,1.75,692.11,102.24,0,0,6,2,Completed
2025-11-21 04:32:43.854618208,Clinic,Customer enquiry,7,15.7,0.42,654.11,27.34,0,0,6,2,Completed
2025-11-21 07:27:30.550183396,Retail,Order processing,1,27.2,3.96,29.21,212.55,0,0,1,0,Completed
2025-11-21 10:22:17.245748584,Service Business,Stock handling,4,25.0,3.56,351.45,208.34,0,0,2,0,Completed
2025-11-21 13:17:03.941313772,Clinic,Payment,4,18.2,1.31,233.41,72.51,0,0,4,0,Completed
2025-11-21 16:11:50.636878960,Retail,Delivery,8,40.7,0.36,466.03,55.11,0,0,5,3,Completed
2025-11-21 19:06:37.332444148,Logistics,Complaint handling,7,46.3,1.77,285.76,131.87,1,1,3,4,Delayed
2025-11-21 22:01:24.028009336,Logistics,Delivery,8,42.3,0.35,942.28,17.5,0,2,5,2,Completed
2025-11-22 00:56:10.723574524,Logistics,Payment,8,15.2,1.95,600.01,255.85,0,0,6,0,Completed
2025-11-22 03:50:57.419139716,Logistics,Booking,3,20.5,2.36,206.53,134.29,0,0,3,0,Completed
2025-11-22 06:45:44.114704904,Restaurant,Booking,7,12.9,1.9,428.11,90.35,0,1,4,1,Completed
2025-11-22 09:40:30.810270092,Service Business,Payment,10,15.7,4.24,1296.39,192.9,0,0,6,1,Completed
2025-11-22 12:35:17.505835280,Service Business,Supplier coordination,4,37.2,0.71,401.17,57.78,0,0,0,2,Completed
2025-11-22 15:30:04.201400468,Restaurant,Supplier coordination,4,42.3,1.1,100.59,52.4,1,3,1,3,Delayed
2025-11-22 18:24:50.896965656,Clinic,Stock handling,8,39.3,1.45,864.08,88.37,0,1,5,4,Completed
2025-11-22 21:19:37.592530844,Clinic,Follow-up,4,29.2,2.45,231.15,148.53,0,1,4,0,Completed
2025-11-23 00:14:24.288096032,Logistics,Order processing,12,29.9,2.35,1109.57,151.31,0,1,10,2,Completed
2025-11-23 03:09:10.983661220,Retail,Stock handling,5,22.4,1.03,341.23,91.82,0,0,5,0,Completed
2025-11-23 06:03:57.679226408,Clinic,Delivery,7,39.4,0.67,278.79,47.34,1,5,4,1,Delayed
2025-11-23 08:58:44.374791600,Retail,Order processing,4,27.5,0.92,266.66,157.51,0,0,3,2,Completed
2025-11-23 11:53:31.070356788,Service Business,Delivery,9,37.1,1.23,749.75,81.07,0,4,6,4,Completed
2025-11-23 14:48:17.765921976,Retail,Supplier coordination,10,42.0,2.39,836.63,154.54,1,3,8,3,Delayed
2025-11-23 17:43:04.461487164,Service Business,Payment,9,21.4,1.55,632.64,132.28,0,0,7,4,Completed
2025-11-23 20:37:51.157052352,Restaurant,Follow-up,8,29.4,4.05,633.38,278.7,1,1,5,3,Delayed
2025-11-23 23:32:37.852617540,Restaurant,Delivery,7,36.9,0.48,566.37,36.56,0,2,3,2,Completed
2025-11-24 02:27:24.548182728,Logistics,Supplier coordination,7,38.0,3.79,686.54,174.77,0,2,6,2,Completed
2025-11-24 05:22:11.243747916,Clinic,Follow-up,5,28.3,2.54,534.17,157.94,0,1,4,1,Completed
2025-11-24 08:16:57.939313104,Logistics,Stock handling,5,23.3,0.62,390.21,21.67,0,0,4,0,Completed
2025-11-24 11:11:44.634878292,Service Business,Payment,12,12.9,1.32,586.57,149.68,0,0,9,0,Completed
2025-11-24 14:06:31.330443484,Logistics,Complaint handling,3,37.7,1.92,276.25,107.17,0,2,0,1,Completed
2025-11-24 17:01:18.026008672,Retail,Booking,8,14.1,2.78,744.2,126.96,0,0,6,1,Completed
2025-11-24 19:56:04.721573860,Service Business,Appointment,6,24.7,0.59,585.7,56.59,0,0,3,2,Completed
2025-11-24 22:50:51.417139048,Restaurant,Follow-up,5,22.9,0.82,284.49,45.76,1,0,2,1,Delayed
2025-11-25 01:45:38.112704236,Clinic,Complaint handling,5,32.8,2.64,478.72,159.03,0,2,4,2,Completed
2025-11-25 04:40:24.808269424,Service Business,Complaint handling,6,37.6,0.99,509.76,69.94,1,1,4,4,Delayed
2025-11-25 07:35:11.503834612,Service Business,Follow-up,3,25.9,1.7,272.26,140.85,0,0,3,1,Completed
2025-11-25 10:29:58.199399800,Retail,Complaint handling,7,30.3,1.07,428.15,67.18,0,0,5,0,Completed
2025-11-25 13:24:44.894964988,Clinic,Delivery,9,57.5,3.15,330.63,148.14,1,5,2,4,Delayed
2025-11-25 16:19:31.590530176,Restaurant,Complaint handling,6,31.2,1.68,288.11,92.91,0,2,2,3,Completed
2025-11-25 19:14:18.286095368,Service Business,Supplier coordination,6,40.4,1.08,584.59,116.23,0,2,5,2,Completed
2025-11-25 22:09:04.981660556,Service Business,Order processing,5,20.2,1.02,578.27,52.49,0,0,2,2,Completed
2025-11-26 01:03:51.677225744,Retail,Delivery,11,42.6,1.84,1046.83,115.77,1,4,6,5,Delayed
2025-11-26 03:58:38.372790932,Logistics,Complaint handling,6,36.2,1.76,306.24,85.65,0,1,4,0,Completed
2025-11-26 06:53:25.068356120,Restaurant,Stock handling,8,26.3,1.13,616.29,50.1,0,0,5,1,Completed
2025-11-26 09:48:11.763921308,Clinic,Booking,5,18.7,3.28,422.12,156.24,0,0,2,1,Completed
2025-11-26 12:42:58.459486496,Service Business,Payment,6,26.3,1.97,473.87,94.6,0,1,5,0,Completed
2025-11-26 15:37:45.155051684,Service Business,Complaint handling,4,36.5,0.62,325.97,76.44,0,1,3,1,Completed
2025-11-26 18:32:31.850616872,Restaurant,Customer enquiry,8,17.7,3.17,436.7,180.39,0,0,6,0,Completed
2025-11-26 21:27:18.546182060,Logistics,Booking,8,11.2,0.72,361.6,53.54,0,0,6,0,Completed
2025-11-27 00:22:05.241747252,Service Business,Stock handling,4,22.0,0.84,225.6,43.65,0,1,4,0,Completed
2025-11-27 03:16:51.937312440,Restaurant,Supplier coordination,8,35.3,0.77,404.95,43.6,0,2,4,2,Completed
2025-11-27 06:11:38.632877628,Retail,Complaint handling,12,39.3,1.43,966.14,77.85,1,3,6,7,Delayed
2025-11-27 09:06:25.328442816,Logistics,Supplier coordination,6,48.8,1.16,498.55,108.23,0,1,4,2,Completed
2025-11-27 12:01:12.024008004,Clinic,Complaint handling,6,29.6,0.88,286.33,81.3,0,1,5,2,Completed
2025-11-27 14:55:58.719573192,Service Business,Appointment,10,20.9,0.68,761.49,23.68,0,0,5,2,Completed
2025-11-27 17:50:45.415138380,Restaurant,Order processing,6,23.9,3.66,711.6,163.97,0,0,4,2,Completed
2025-11-27 20:45:32.110703568,Retail,Supplier coordination,4,41.8,3.08,324.52,202.97,0,1,2,2,Completed
2025-11-27 23:40:18.806268756,Clinic,Order processing,7,26.0,2.56,479.65,145.24,1,2,5,1,Delayed
2025-11-28 02:35:05.501833944,Restaurant,Booking,10,15.3,1.76,970.88,113.85,0,0,6,1,Completed
2025-11-28 05:29:52.197399136,Restaurant,Appointment,10,20.7,0.91,1302.97,92.35,0,0,7,4,Completed
2025-11-28 08:24:38.892964324,Clinic,Payment,4,14.0,1.2,330.27,101.49,0,0,1,1,Completed
2025-11-28 11:19:25.588529512,Retail,Delivery,10,46.4,1.19,649.48,56.1,0,4,5,3,Completed
2025-11-28 14:14:12.284094700,Retail,Order processing,7,24.1,1.28,564.08,79.55,0,0,6,1,Completed
2025-11-28 17:08:58.979659888,Logistics,Appointment,10,24.1,0.79,1084.31,83.84,0,1,6,3,Completed
2025-11-28 20:03:45.675225076,Service Business,Order processing,11,22.6,2.93,840.01,211.08,0,1,7,0,Completed
2025-11-28 22:58:32.370790264,Clinic,Follow-up,4,28.0,2.67,314.95,56.89,0,0,3,0,Completed
2025-11-29 01:53:19.066355452,Clinic,Stock handling,7,29.2,0.86,764.36,82.04,0,0,4,0,Completed
2025-11-29 04:48:05.761920640,Clinic,Payment,7,15.3,0.94,563.41,90.56,0,0,5,0,Completed
2025-11-29 07:42:52.457485828,Retail,Stock handling,6,31.8,1.3,695.07,64.85,0,1,5,0,Completed
2025-11-29 10:37:39.153051016,Service Business,Complaint handling,4,36.0,1.5,189.04,137.61,1,1,4,1,Delayed
2025-11-29 13:32:25.848616208,Logistics,Order processing,8,20.8,1.69,704.57,76.47,0,0,4,1,Completed
2025-11-29 16:27:12.544181396,Restaurant,Complaint handling,7,28.6,1.43,850.14,104.19,0,0,5,0,Completed
2025-11-29 19:21:59.239746584,Restaurant,Customer enquiry,6,27.2,1.35,792.66,94.56,0,0,4,1,Completed
2025-11-29 22:16:45.935311772,Clinic,Order processing,10,22.1,0.09,689.53,79.42,0,1,8,2,Completed
2025-11-30 01:11:32.630876960,Service Business,Appointment,4,17.6,1.07,288.66,130.53,0,0,3,0,Completed
2025-11-30 04:06:19.326442148,Retail,Payment,9,15.6,1.53,1086.62,111.34,0,0,6,1,Completed
2025-11-30 07:01:06.022007336,Service Business,Complaint handling,10,38.4,1.18,704.23,80.74,0,2,6,2,Completed
2025-11-30 09:55:52.717572524,Service Business,Order processing,7,28.0,2.29,466.52,116.95,0,0,3,1,Completed
2025-11-30 12:50:39.413137712,Retail,Customer enquiry,9,13.5,2.1,603.77,80.07,0,0,6,1,Completed
2025-11-30 15:45:26.108702900,Clinic,Stock handling,9,24.9,1.72,527.23,83.07,0,0,4,0,Completed
2025-11-30 18:40:12.804268092,Service Business,Appointment,5,27.3,2.99,272.61,152.78,0,1,4,1,Completed
2025-11-30 21:34:59.499833280,Restaurant,Follow-up,11,29.6,3.8,812.51,248.05,1,3,4,4,Delayed
2025-12-01 00:29:46.195398468,Retail,Order processing,6,31.1,4.11,253.1,319.36,0,0,4,2,Completed
2025-12-01 03:24:32.890963656,Logistics,Follow-up,3,23.0,0.33,194.26,61.14,0,1,3,0,Completed
2025-12-01 06:19:19.586528844,Clinic,Booking,5,11.2,1.47,563.3,126.28,0,0,3,3,Completed
2025-12-01 09:14:06.282094032,Retail,Payment,1,28.2,3.13,97.58,176.43,0,0,1,1,Completed
2025-12-01 12:08:52.977659220,Logistics,Order processing,8,29.2,0.96,525.58,113.97,0,1,5,1,Completed
2025-12-01 15:03:39.673224408,Logistics,Supplier coordination,5,35.8,2.0,418.96,91.23,0,1,4,1,Completed
2025-12-01 17:58:26.368789596,Service Business,Customer enquiry,4,14.8,1.33,304.02,105.11,0,0,3,0,Completed
2025-12-01 20:53:13.064354784,Service Business,Complaint handling,3,30.9,0.84,184.51,81.92,0,1,2,1,Completed
2025-12-01 23:47:59.759919976,Service Business,Supplier coordination,11,44.8,6.69,301.36,310.05,1,3,7,3,Delayed
2025-12-02 02:42:46.455485164,Retail,Booking,6,11.2,1.82,350.63,118.5,0,0,3,0,Completed
2025-12-02 05:37:33.151050352,Retail,Payment,6,9.4,0.42,428.35,53.72,0,1,5,2,Completed
2025-12-02 08:32:19.846615540,Clinic,Stock handling,6,23.5,0.83,798.36,115.14,0,2,2,1,Completed
2025-12-02 11:27:06.542180728,Service Business,Appointment,6,29.2,0.92,551.01,149.03,0,1,4,3,Completed
2025-12-02 14:21:53.237745916,Logistics,Follow-up,7,34.1,2.85,531.28,114.44,0,1,6,0,Completed
2025-12-02 17:16:39.933311104,Restaurant,Booking,7,16.6,2.7,624.54,131.39,0,0,4,0,Completed
2025-12-02 20:11:26.628876292,Clinic,Complaint handling,7,32.0,0.84,585.4,47.48,0,3,4,1,Completed
2025-12-02 23:06:13.324441480,Retail,Appointment,16,27.0,4.21,1003.84,301.3,0,1,11,3,Completed
2025-12-03 02:01:00.020006668,Clinic,Stock handling,9,31.0,1.11,691.24,95.28,0,1,6,4,Completed
2025-12-03 04:55:46.715571860,Clinic,Complaint handling,5,42.6,0.92,351.63,125.36,1,1,3,2,Delayed
2025-12-03 07:50:33.411137048,Clinic,Customer enquiry,5,21.2,0.12,223.71,45.48,0,0,5,0,Completed
2025-12-03 10:45:20.106702236,Clinic,Follow-up,5,28.5,1.19,328.72,65.05,0,1,2,1,Completed
2025-12-03 13:40:06.802267424,Restaurant,Supplier coordination,8,40.8,2.59,607.51,138.23,0,1,6,3,Completed
2025-12-03 16:34:53.497832612,Service Business,Order processing,7,29.5,1.32,615.34,102.63,0,2,3,1,Completed
2025-12-03 19:29:40.193397800,Logistics,Booking,7,13.3,3.29,551.72,186.32,0,0,4,1,Completed
2025-12-03 22:24:26.888962988,Clinic,Order processing,6,24.2,1.05,596.08,129.21,0,0,2,2,Completed
2025-12-04 01:19:13.584528176,Clinic,Appointment,6,19.0,1.45,441.95,99.22,0,0,5,3,Completed
2025-12-04 04:14:00.280093364,Clinic,Order processing,10,21.0,1.85,1066.34,117.85,0,0,8,1,Completed
2025-12-04 07:08:46.975658552,Service Business,Supplier coordination,10,40.8,1.41,825.32,107.88,0,2,5,4,Completed
2025-12-04 10:03:33.671223744,Retail,Delivery,7,34.9,0.2,618.84,16.0,0,0,3,2,Completed
2025-12-04 12:58:20.366788932,Retail,Appointment,6,17.6,2.78,506.55,183.75,0,0,5,1,Completed
2025-12-04 15:53:07.062354120,Restaurant,Follow-up,9,24.0,1.59,608.51,116.71,0,0,4,3,Completed
2025-12-04 18:47:53.757919308,Retail,Complaint handling,3,47.1,4.15,277.44,208.18,1,1,3,1,Delayed
2025-12-04 21:42:40.453484496,Clinic,Follow-up,7,29.8,1.54,456.56,72.61,0,0,5,2,Completed
2025-12-05 00:37:27.149049684,Clinic,Order processing,7,33.2,3.56,400.21,167.89,0,0,6,3,Completed
2025-12-05 03:32:13.844614872,Clinic,Payment,8,33.2,1.31,672.67,77.72,0,1,7,2,Completed
2025-12-05 06:27:00.540180060,Restaurant,Appointment,6,15.9,4.51,459.95,263.62,0,0,3,1,Completed
2025-12-05 09:21:47.235745248,Clinic,Complaint handling,4,59.6,3.01,244.06,127.99,0,3,4,2,Completed
2025-12-05 12:16:33.931310436,Retail,Stock handling,8,27.0,2.07,642.15,110.67,0,1,5,3,Completed
2025-12-05 15:11:20.626875628,Service Business,Customer enquiry,7,15.6,0.08,653.33,59.29,0,0,7,0,Completed
2025-12-05 18:06:07.322440816,Service Business,Follow-up,8,24.5,1.91,590.78,121.11,0,0,4,2,Completed
2025-12-05 21:00:54.018006004,Logistics,Follow-up,7,35.8,3.37,792.7,154.29,0,0,4,1,Completed
2025-12-05 23:55:40.713571192,Retail,Appointment,7,22.5,1.12,724.31,79.37,0,0,4,0,Completed
2025-12-06 02:50:27.409136380,Clinic,Payment,9,19.4,0.37,619.52,48.99,0,0,5,2,Completed
2025-12-06 05:45:14.104701568,Service Business,Order processing,5,22.7,0.8,264.73,45.62,0,0,3,0,Completed
2025-12-06 08:40:00.800266756,Retail,Order processing,9,24.2,1.16,678.97,53.03,0,1,6,1,Completed
2025-12-06 11:34:47.495831944,Service Business,Appointment,11,17.2,2.44,968.88,179.96,0,0,8,2,Completed
2025-12-06 14:29:34.191397132,Clinic,Follow-up,8,25.4,5.47,327.79,228.15,0,0,5,2,Completed
2025-12-06 17:24:20.886962320,Service Business,Complaint handling,6,42.1,2.67,243.61,140.44,0,2,4,3,Completed
2025-12-06 20:19:07.582527512,Logistics,Customer enquiry,7,13.7,1.37,355.11,154.88,0,1,7,3,Completed
2025-12-06 23:13:54.278092700,Logistics,Appointment,10,26.6,0.88,1032.64,77.19,0,1,9,1,Completed
2025-12-07 02:08:40.973657888,Service Business,Complaint handling,8,39.5,4.25,874.21,215.84,0,4,4,2,Completed
2025-12-07 05:03:27.669223076,Retail,Complaint handling,5,33.8,1.59,274.12,61.14,1,1,4,1,Delayed
2025-12-07 07:58:14.364788264,Retail,Stock handling,10,33.9,1.26,473.39,108.9,1,0,3,3,Delayed
2025-12-07 10:53:01.060353452,Retail,Supplier coordination,4,44.3,1.39,332.42,75.69,1,1,3,1,Delayed
2025-12-07 13:47:47.755918640,Service Business,Delivery,6,35.3,1.93,486.33,155.32,0,1,5,0,Completed
2025-12-07 16:42:34.451483828,Retail,Customer enquiry,6,16.4,1.38,310.83,161.61,0,0,5,1,Completed
2025-12-07 19:37:21.147049016,Clinic,Booking,6,16.4,0.84,335.25,67.43,0,0,4,0,Completed
2025-12-07 22:32:07.842614204,Logistics,Payment,3,13.4,3.37,190.62,147.33,0,0,2,1,Completed
2025-12-08 01:26:54.538179396,Clinic,Delivery,6,44.6,1.21,411.19,97.64,0,1,3,4,Completed
2025-12-08 04:21:41.233744584,Retail,Stock handling,4,23.2,1.63,338.87,109.34,0,1,4,0,Completed
2025-12-08 07:16:27.929309772,Clinic,Customer enquiry,10,14.5,1.47,264.59,141.95,0,0,5,2,Completed
2025-12-08 10:11:14.624874960,Retail,Order processing,7,19.1,1.79,839.56,93.91,0,0,3,0,Completed
2025-12-08 13:06:01.320440148,Service Business,Delivery,6,34.6,0.49,517.31,84.94,0,1,5,1,Completed
2025-12-08 16:00:48.016005336,Clinic,Order processing,5,30.2,0.5,399.54,34.41,0,0,3,1,Completed
2025-12-08 18:55:34.711570524,Service Business,Payment,5,23.2,1.35,320.49,87.59,0,0,4,0,Completed
2025-12-08 21:50:21.407135712,Service Business,Order processing,5,34.9,5.48,297.27,274.27,0,1,4,1,Completed
2025-12-09 00:45:08.102700900,Restaurant,Payment,6,13.0,1.0,363.49,130.36,0,1,5,2,Completed
2025-12-09 03:39:54.798266088,Retail,Customer enquiry,9,21.6,1.38,605.15,92.12,1,3,5,1,Delayed
2025-12-09 06:34:41.493831280,Logistics,Follow-up,3,33.2,0.65,260.99,40.24,0,1,1,1,Completed
2025-12-09 09:29:28.189396468,Retail,Payment,4,22.4,2.11,412.18,127.69,0,0,2,1,Completed
2025-12-09 12:24:14.884961656,Logistics,Complaint handling,6,38.6,1.03,281.41,84.06,0,2,5,2,Completed
2025-12-09 15:19:01.580526844,Retail,Booking,7,21.6,0.51,478.08,39.91,0,1,5,2,Completed
2025-12-09 18:13:48.276092032,Service Business,Booking,7,25.9,0.95,567.47,87.48,0,0,6,0,Completed
2025-12-09 21:08:34.971657220,Clinic,Appointment,9,27.3,0.91,743.64,45.5,0,1,6,4,Completed
2025-12-10 00:03:21.667222408,Clinic,Booking,9,11.4,2.37,587.44,177.02,0,0,6,2,Completed
2025-12-10 02:58:08.362787596,Restaurant,Appointment,8,23.1,0.69,560.08,68.37,1,0,4,4,Delayed
2025-12-10 05:52:55.058352784,Logistics,Booking,14,17.5,1.09,1020.04,118.94,0,0,7,5,Completed
2025-12-10 08:47:41.753917972,Logistics,Payment,11,14.7,1.28,570.22,98.23,0,0,10,1,Completed
2025-12-10 11:42:28.449483164,Logistics,Complaint handling,7,40.3,0.77,403.06,31.2,1,1,4,3,Delayed
2025-12-10 14:37:15.145048352,Service Business,Follow-up,8,32.5,0.65,292.53,67.32,0,1,5,3,Completed
2025-12-10 17:32:01.840613540,Logistics,Order processing,13,32.8,1.12,1329.25,64.35,0,2,7,5,Completed
2025-12-10 20:26:48.536178728,Clinic,Stock handling,9,25.6,1.29,814.6,82.48,0,2,6,4,Completed
2025-12-10 23:21:35.231743916,Service Business,Booking,6,29.0,1.38,288.93,58.85,1,2,6,4,Delayed
2025-12-11 02:16:21.927309104,Retail,Follow-up,8,24.5,0.46,426.08,31.62,0,0,4,1,Completed
2025-12-11 05:11:08.622874292,Logistics,Follow-up,6,27.9,1.24,288.55,87.58,0,1,5,2,Completed
2025-12-11 08:05:55.318439480,Logistics,Payment,5,13.4,2.22,286.16,121.93,0,0,2,0,Completed
2025-12-11 11:00:42.014004668,Retail,Customer enquiry,7,22.3,2.47,583.48,203.81,0,0,6,2,Completed
2025-12-11 13:55:28.709569856,Logistics,Customer enquiry,5,15.5,1.24,705.96,93.26,0,0,4,0,Completed
2025-12-11 16:50:15.405135048,Retail,Booking,10,10.3,0.43,683.16,38.25,0,0,6,2,Completed
2025-12-11 19:45:02.100700236,Service Business,Stock handling,7,28.8,0.98,618.91,51.65,0,0,5,4,Completed
2025-12-11 22:39:48.796265424,Clinic,Booking,6,12.7,2.54,452.21,193.61,0,0,2,0,Completed
2025-12-12 01:34:35.491830612,Retail,Booking,4,16.3,0.79,333.43,52.53,0,0,3,0,Completed
2025-12-12 04:29:22.187395800,Restaurant,Appointment,9,18.2,1.48,645.54,107.05,0,2,7,1,Completed
2025-12-12 07:24:08.882960988,Retail,Complaint handling,5,32.0,1.6,516.93,86.62,0,1,2,1,Completed
2025-12-12 10:18:55.578526176,Logistics,Complaint handling,8,33.2,1.91,728.8,147.61,0,1,2,1,Completed
2025-12-12 13:13:42.274091364,Service Business,Stock handling,10,33.0,0.37,778.79,74.78,0,4,7,1,Completed
2025-12-12 16:08:28.969656552,Service Business,Appointment,10,16.9,1.4,922.1,64.98,0,0,6,1,Completed
2025-12-12 19:03:15.665221740,Retail,Follow-up,10,24.5,1.59,988.97,78.52,0,1,4,1,Completed
2025-12-12 21:58:02.360786928,Clinic,Appointment,8,27.8,0.84,497.4,40.53,0,2,6,2,Completed
2025-12-13 00:52:49.056352120,Restaurant,Booking,7,12.0,2.38,618.37,156.43,0,0,6,1,Completed
2025-12-13 03:47:35.751917308,Service Business,Customer enquiry,8,20.5,0.6,777.0,57.69,0,0,5,1,Completed
2025-12-13 06:42:22.447482496,Logistics,Delivery,8,45.3,2.55,705.98,127.24,0,3,2,1,Completed
2025-12-13 09:37:09.143047684,Logistics,Stock handling,7,26.0,1.53,654.69,78.15,0,0,4,0,Completed
2025-12-13 12:31:55.838612872,Clinic,Follow-up,6,30.8,0.57,479.19,63.29,0,2,4,0,Completed
2025-12-13 15:26:42.534178060,Service Business,Payment,13,20.5,1.3,1170.96,130.48,0,2,10,3,Completed
2025-12-13 18:21:29.229743248,Retail,Delivery,11,36.5,0.77,1227.2,74.83,0,2,4,2,Completed
2025-12-13 21:16:15.925308436,Logistics,Delivery,10,43.8,0.6,557.77,78.7,0,0,8,6,Completed
2025-12-14 00:11:02.620873624,Clinic,Appointment,4,24.8,1.67,311.75,85.04,0,1,3,1,Completed
2025-12-14 03:05:49.316438812,Service Business,Order processing,6,31.1,2.6,366.18,181.56,1,2,4,1,Delayed
2025-12-14 06:00:36.012004004,Service Business,Delivery,4,52.9,5.16,259.03,298.53,0,0,3,0,Completed
2025-12-14 08:55:22.707569192,Service Business,Booking,8,27.1,0.5,711.49,35.68,0,1,7,2,Completed
2025-12-14 11:50:09.403134380,Service Business,Supplier coordination,9,38.4,0.84,368.57,76.02,0,1,7,4,Completed
2025-12-14 14:44:56.098699568,Service Business,Customer enquiry,8,24.1,1.54,426.84,94.96,0,0,7,2,Completed
2025-12-14 17:39:42.794264756,Logistics,Customer enquiry,6,19.6,2.88,627.73,102.13,0,0,6,0,Completed
2025-12-14 20:34:29.489829944,Clinic,Supplier coordination,6,38.5,0.22,293.0,57.55,0,2,1,2,Completed
2025-12-14 23:29:16.185395132,Service Business,Complaint handling,9,31.3,0.95,987.49,72.26,0,0,7,5,Completed
2025-12-15 02:24:02.880960320,Restaurant,Booking,14,9.6,0.97,1088.26,155.84,0,0,8,0,Completed
2025-12-15 05:18:49.576525508,Restaurant,Payment,11,19.0,3.6,840.79,205.6,0,1,6,3,Completed
2025-12-15 08:13:36.272090696,Clinic,Delivery,4,40.3,2.94,251.98,175.32,0,1,2,2,Completed
2025-12-15 11:08:22.967655888,Retail,Complaint handling,10,33.0,0.91,708.36,89.42,0,1,6,2,Completed
2025-12-15 14:03:09.663221076,Retail,Booking,6,12.8,0.88,498.05,68.44,0,0,4,1,Completed
2025-12-15 16:57:56.358786264,Retail,Appointment,12,35.8,0.92,877.77,114.33,0,1,8,2,Completed
2025-12-15 19:52:43.054351452,Restaurant,Customer enquiry,6,21.4,1.31,351.5,125.52,0,0,3,2,Completed
2025-12-15 22:47:29.749916640,Retail,Complaint handling,6,42.7,1.37,549.57,112.9,0,1,3,2,Completed
2025-12-16 01:42:16.445481828,Logistics,Stock handling,7,24.9,2.53,736.96,183.73,0,1,6,0,Completed
2025-12-16 04:37:03.141047016,Service Business,Delivery,7,44.1,0.17,298.68,31.86,0,2,6,4,Completed
2025-12-16 07:31:49.836612204,Restaurant,Delivery,4,37.8,1.85,504.82,117.26,0,1,3,0,Completed
2025-12-16 10:26:36.532177392,Clinic,Payment,5,8.4,1.04,421.93,60.71,0,0,5,0,Completed
2025-12-16 13:21:23.227742580,Clinic,Order processing,1,18.9,2.19,88.65,201.35,0,0,0,0,Completed
2025-12-16 16:16:09.923307772,Service Business,Stock handling,5,30.2,1.28,555.52,118.31,0,0,4,1,Completed
2025-12-16 19:10:56.618872960,Restaurant,Delivery,6,39.7,2.81,188.93,125.2,0,0,5,2,Completed
2025-12-16 22:05:43.314438148,Retail,Follow-up,5,31.4,0.89,215.48,80.86,0,0,3,3,Completed
2025-12-17 01:00:30.010003336,Retail,Stock handling,6,25.2,1.01,200.52,85.64,0,1,4,0,Completed
2025-12-17 03:55:16.705568524,Logistics,Delivery,4,46.1,0.19,203.33,38.75,1,1,3,1,Delayed
2025-12-17 06:50:03.401133712,Logistics,Supplier coordination,6,42.5,1.25,545.11,136.55,0,4,5,1,Completed
2025-12-17 09:44:50.096698900,Retail,Stock handling,5,35.9,0.17,255.0,59.14,0,1,5,0,Completed
2025-12-17 12:39:36.792264088,Clinic,Booking,8,11.8,1.73,460.83,143.18,0,0,5,2,Completed
2025-12-17 15:34:23.487829276,Clinic,Stock handling,7,27.7,2.5,430.12,228.21,0,1,4,0,Completed
2025-12-17 18:29:10.183394464,Logistics,Payment,11,14.1,2.59,821.1,165.23,0,0,5,1,Completed
2025-12-17 21:23:56.878959656,Service Business,Appointment,8,18.4,2.83,588.43,143.63,0,2,5,0,Completed
2025-12-18 00:18:43.574524844,Retail,Appointment,9,24.3,4.59,540.02,224.42,0,1,5,2,Completed
2025-12-18 03:13:30.270090032,Logistics,Appointment,8,16.4,3.01,438.08,227.47,0,0,6,3,Completed
2025-12-18 06:08:16.965655220,Logistics,Booking,8,13.9,2.01,568.82,87.19,0,0,6,2,Completed
2025-12-18 09:03:03.661220408,Retail,Complaint handling,7,36.4,1.29,546.09,81.1,0,3,4,3,Completed
2025-12-18 11:57:50.356785596,Retail,Appointment,3,17.7,1.19,326.15,105.12,0,0,1,0,Completed
2025-12-18 14:52:37.052350784,Clinic,Customer enquiry,8,18.5,1.51,447.54,98.47,0,2,5,2,Completed
2025-12-18 17:47:23.747915972,Service Business,Booking,7,22.7,2.53,524.23,162.6,0,0,6,0,Completed
2025-12-18 20:42:10.443481160,Service Business,Complaint handling,8,34.9,4.71,263.62,273.36,0,2,3,2,Completed
2025-12-18 23:36:57.139046348,Retail,Customer enquiry,7,18.6,0.83,713.83,51.43,0,0,5,2,Completed
2025-12-19 02:31:43.834611540,Restaurant,Customer enquiry,6,22.7,2.72,448.17,184.72,0,0,6,0,Completed
2025-12-19 05:26:30.530176728,Logistics,Customer enquiry,10,14.1,1.57,951.07,107.62,0,1,6,2,Completed
2025-12-19 08:21:17.225741916,Logistics,Follow-up,4,23.3,2.57,417.82,159.76,0,0,2,2,Completed
2025-12-19 11:16:03.921307104,Retail,Payment,8,17.0,3.06,701.78,206.73,0,0,3,2,Completed
2025-12-19 14:10:50.616872292,Restaurant,Payment,13,17.0,0.57,1047.19,64.42,0,0,8,1,Completed
2025-12-19 17:05:37.312437480,Clinic,Booking,12,16.0,0.65,428.02,96.04,0,0,10,1,Completed
2025-12-19 20:00:24.008002668,Retail,Customer enquiry,4,33.7,2.05,296.28,113.89,0,0,3,1,Completed
2025-12-19 22:55:10.703567856,Retail,Supplier coordination,6,36.6,4.8,335.09,247.96,1,2,4,3,Delayed
2025-12-20 01:49:57.399133044,Logistics,Stock handling,14,22.3,2.61,747.41,181.05,0,0,10,2,Completed
2025-12-20 04:44:44.094698232,Retail,Complaint handling,8,31.9,0.79,283.5,99.69,0,2,6,4,Completed
2025-12-20 07:39:30.790263424,Retail,Payment,6,21.8,1.69,437.73,94.9,0,0,5,1,Completed
2025-12-20 10:34:17.485828612,Retail,Appointment,8,25.7,2.35,468.05,179.71,0,1,5,1,Completed
2025-12-20 13:29:04.181393800,Logistics,Booking,5,33.1,0.83,302.16,84.47,0,1,4,0,Completed
2025-12-20 16:23:50.876958988,Clinic,Complaint handling,8,30.9,1.17,442.04,59.07,0,2,4,3,Completed
2025-12-20 19:18:37.572524176,Clinic,Booking,6,15.1,2.08,640.8,136.12,0,0,5,0,Completed
2025-12-20 22:13:24.268089364,Retail,Supplier coordination,7,47.3,0.73,377.32,69.36,1,4,5,1,Delayed
2025-12-21 01:08:10.963654552,Logistics,Follow-up,3,23.5,1.34,205.92,92.4,0,0,0,1,Completed
2025-12-21 04:02:57.659219740,Clinic,Follow-up,4,29.7,1.01,293.68,100.81,0,1,2,0,Completed
2025-12-21 06:57:44.354784928,Clinic,Customer enquiry,6,25.9,2.03,435.15,115.81,0,0,4,2,Completed
2025-12-21 09:52:31.050350116,Clinic,Follow-up,9,40.7,1.22,1044.27,106.66,0,0,7,3,Completed
2025-12-21 12:47:17.745915308,Logistics,Booking,6,14.6,0.79,199.16,47.32,0,0,5,1,Completed
2025-12-21 15:42:04.441480496,Logistics,Appointment,10,21.0,1.02,829.44,44.38,0,1,8,4,Completed
2025-12-21 18:36:51.137045684,Retail,Customer enquiry,4,12.6,2.44,388.79,151.98,0,0,4,1,Completed
2025-12-21 21:31:37.832610872,Service Business,Delivery,8,35.3,2.24,668.43,148.1,0,4,4,0,Completed
2025-12-22 00:26:24.528176060,Clinic,Complaint handling,4,33.0,1.78,500.67,154.44,0,0,3,2,Completed
2025-12-22 03:21:11.223741248,Service Business,Supplier coordination,3,40.2,1.56,320.92,169.5,0,1,2,1,Completed
2025-12-22 06:15:57.919306436,Logistics,Customer enquiry,6,15.4,1.58,374.57,91.99,0,0,5,0,Completed
2025-12-22 09:10:44.614871624,Logistics,Booking,8,16.3,1.12,586.26,70.15,0,1,7,2,Completed
2025-12-22 12:05:31.310436812,Logistics,Complaint handling,8,35.5,1.74,758.17,67.13,0,2,5,0,Completed
2025-12-22 15:00:18.006002000,Service Business,Appointment,5,19.9,1.6,375.89,82.74,0,0,3,2,Completed
2025-12-22 17:55:04.701567192,Logistics,Order processing,4,24.1,1.16,302.37,96.17,0,0,1,1,Completed
2025-12-22 20:49:51.397132380,Retail,Supplier coordination,10,42.2,2.87,1223.5,105.82,0,0,7,2,Completed
2025-12-22 23:44:38.092697568,Logistics,Booking,11,19.4,2.16,1099.84,182.41,0,2,7,0,Completed
2025-12-23 02:39:24.788262756,Restaurant,Supplier coordination,8,39.7,1.25,987.22,60.22,0,1,7,2,Completed
2025-12-23 05:34:11.483827944,Service Business,Payment,3,13.7,1.96,227.69,127.66,0,0,2,0,Completed
2025-12-23 08:28:58.179393132,Restaurant,Order processing,7,19.3,0.97,567.99,86.06,0,0,5,2,Completed
2025-12-23 11:23:44.874958320,Logistics,Complaint handling,11,35.0,3.4,938.76,109.33,0,1,10,4,Completed
2025-12-23 14:18:31.570523508,Retail,Follow-up,8,47.0,2.34,745.13,92.04,0,2,5,3,Completed
2025-12-23 17:13:18.266088696,Clinic,Booking,5,25.5,3.53,355.0,259.8,0,0,4,0,Completed
2025-12-23 20:08:04.961653884,Logistics,Supplier coordination,9,41.2,0.41,518.91,51.41,0,1,6,3,Completed
2025-12-23 23:02:51.657219076,Retail,Complaint handling,5,37.4,3.08,300.38,172.51,0,3,3,1,Completed
2025-12-24 01:57:38.352784264,Service Business,Follow-up,8,25.3,2.26,602.1,99.14,0,0,8,0,Completed
2025-12-24 04:52:25.048349452,Restaurant,Appointment,10,19.9,0.84,419.18,65.14,0,0,5,2,Completed
2025-12-24 07:47:11.743914640,Restaurant,Appointment,11,18.4,1.11,947.39,79.32,0,0,7,3,Completed
2025-12-24 10:41:58.439479828,Restaurant,Supplier coordination,8,43.2,0.77,222.64,61.44,0,3,7,3,Completed
2025-12-24 13:36:45.135045016,Service Business,Customer enquiry,7,23.9,0.89,305.84,53.52,0,0,2,0,Completed
2025-12-24 16:31:31.830610204,Retail,Payment,11,14.9,4.15,1150.08,247.39,0,0,8,1,Completed
2025-12-24 19:26:18.526175392,Service Business,Customer enquiry,6,20.0,0.64,477.97,94.11,0,1,1,1,Completed
2025-12-24 22:21:05.221740580,Restaurant,Payment,10,10.2,2.16,872.06,87.51,0,0,8,3,Completed
2025-12-25 01:15:51.917305768,Logistics,Booking,3,10.3,1.01,254.79,58.17,1,0,3,2,Delayed
2025-12-25 04:10:38.612870960,Clinic,Delivery,5,41.3,1.05,602.57,53.12,0,0,3,0,Completed
2025-12-25 07:05:25.308436148,Service Business,Supplier coordination,14,51.0,0.45,1463.84,68.2,0,2,9,11,Completed
2025-12-25 10:00:12.004001336,Service Business,Stock handling,8,25.3,0.56,921.02,61.44,0,0,7,2,Completed
2025-12-25 12:54:58.699566524,Retail,Supplier coordination,9,36.1,2.47,595.07,124.22,1,2,4,3,Delayed
2025-12-25 15:49:45.395131712,Retail,Order processing,7,22.8,3.61,527.32,186.6,0,0,6,2,Completed
2025-12-25 18:44:32.090696900,Service Business,Follow-up,10,27.7,1.44,462.69,89.97,0,0,6,2,Completed
2025-12-25 21:39:18.786262088,Restaurant,Order processing,8,31.6,0.56,789.95,49.43,0,0,5,4,Completed
2025-12-26 00:34:05.481827276,Clinic,Appointment,8,26.4,1.28,751.9,127.3,0,0,5,1,Completed
2025-12-26 03:28:52.177392464,Retail,Payment,9,13.8,1.35,560.41,98.83,0,1,6,2,Completed
2025-12-26 06:23:38.872957652,Restaurant,Follow-up,7,38.1,3.2,458.84,203.71,0,1,3,1,Completed
2025-12-26 09:18:25.568522840,Logistics,Appointment,3,21.3,2.16,263.14,123.19,0,0,3,1,Completed
2025-12-26 12:13:12.264088032,Retail,Follow-up,9,27.3,2.98,658.0,186.91,0,1,7,2,Completed
2025-12-26 15:07:58.959653220,Restaurant,Customer enquiry,11,14.8,2.35,689.4,101.03,0,0,4,3,Completed
2025-12-26 18:02:45.655218408,Restaurant,Appointment,4,18.2,1.34,277.39,85.34,0,0,4,0,Completed
2025-12-26 20:57:32.350783596,Clinic,Customer enquiry,11,15.9,0.67,759.81,38.79,0,0,7,1,Completed
2025-12-26 23:52:19.046348784,Clinic,Customer enquiry,8,18.2,0.56,694.12,98.43,0,0,5,1,Completed
2025-12-27 02:47:05.741913972,Logistics,Follow-up,6,26.6,4.45,438.04,253.94,0,0,5,1,Completed
2025-12-27 05:41:52.437479160,Restaurant,Complaint handling,5,42.8,2.0,73.48,105.94,0,0,4,1,Completed
2025-12-27 08:36:39.133044348,Restaurant,Order processing,3,24.3,1.14,228.01,78.4,0,0,3,0,Completed
2025-12-27 11:31:25.828609536,Clinic,Appointment,6,20.9,1.64,375.35,117.21,0,1,3,0,Completed
2025-12-27 14:26:12.524174724,Retail,Stock handling,10,28.5,2.58,927.09,160.75,0,0,7,5,Completed
2025-12-27 17:20:59.219739916,Retail,Complaint handling,4,37.6,0.7,326.21,41.54,0,0,3,0,Completed
2025-12-27 20:15:45.915305104,Service Business,Order processing,4,20.2,1.63,250.63,132.9,0,0,2,2,Completed
2025-12-27 23:10:32.610870292,Clinic,Appointment,6,20.2,2.63,381.16,149.73,0,0,4,2,Completed
2025-12-28 02:05:19.306435480,Service Business,Payment,9,10.8,1.91,736.01,76.51,0,0,7,1,Completed
2025-12-28 05:00:06.002000668,Clinic,Order processing,7,23.6,1.26,539.95,55.77,0,0,4,1,Completed
2025-12-28 07:54:52.697565856,Logistics,Stock handling,9,23.2,1.54,636.17,119.73,0,2,6,1,Completed
2025-12-28 10:49:39.393131044,Restaurant,Supplier coordination,9,48.0,4.0,678.36,226.17,0,5,6,1,Completed
2025-12-28 13:44:26.088696232,Logistics,Booking,9,13.9,0.53,783.54,50.54,0,0,5,1,Completed
2025-12-28 16:39:12.784261420,Clinic,Customer enquiry,6,20.0,0.31,249.46,38.23,0,1,6,0,Completed
2025-12-28 19:33:59.479826608,Restaurant,Booking,6,13.2,1.88,654.91,136.7,0,0,0,1,Completed
2025-12-28 22:28:46.175391800,Retail,Complaint handling,3,31.2,2.79,204.2,109.05,0,0,2,1,Completed
2025-12-29 01:23:32.870956988,Retail,Supplier coordination,9,41.4,1.51,929.58,125.73,1,4,3,4,Delayed
2025-12-29 04:18:19.566522176,Service Business,Customer enquiry,9,18.3,0.26,1112.59,49.56,1,3,7,1,Delayed
2025-12-29 07:13:06.262087364,Clinic,Appointment,6,23.6,2.76,542.11,205.41,0,0,5,3,Completed
2025-12-29 10:07:52.957652552,Clinic,Complaint handling,7,34.6,3.38,250.82,183.49,0,1,3,1,Completed
2025-12-29 13:02:39.653217740,Retail,Stock handling,10,22.5,1.04,523.9,54.97,0,0,5,2,Completed
2025-12-29 15:57:26.348782928,Logistics,Follow-up,9,23.4,1.66,785.05,102.6,0,1,7,1,Completed
2025-12-29 18:52:13.044348116,Restaurant,Appointment,8,18.4,0.37,506.01,37.16,0,1,5,1,Completed
2025-12-29 21:46:59.739913304,Logistics,Order processing,8,21.9,0.5,883.93,67.01,0,1,3,2,Completed
2025-12-30 00:41:46.435478492,Logistics,Follow-up,6,22.7,1.9,370.11,127.05,0,0,4,0,Completed
2025-12-30 03:36:33.131043684,Retail,Complaint handling,6,41.9,4.17,541.59,165.77,0,0,4,2,Completed
2025-12-30 06:31:19.826608872,Retail,Order processing,6,25.0,2.34,453.53,145.67,0,2,5,1,Completed
2025-12-30 09:26:06.522174060,Retail,Stock handling,5,22.4,0.87,393.99,82.06,0,0,2,1,Completed
2025-12-30 12:20:53.217739248,Service Business,Booking,8,20.8,2.68,736.24,229.5,0,0,4,1,Completed
2025-12-30 15:15:39.913304436,Logistics,Order processing,5,29.6,0.27,46.27,22.04,0,0,4,2,Completed
2025-12-30 18:10:26.608869624,Clinic,Booking,10,17.0,0.02,772.66,77.08,0,0,7,1,Completed
2025-12-30 21:05:13.304434812,Restaurant,Customer enquiry,6,27.7,1.36,587.07,68.58,0,0,6,0,Completed
2025-12-31 00:00:00.000000000,Service Business,Payment,6,13.2,3.87,312.85,319.97,0,0,4,2,Completed
